meeting_id,turns_in_transcript,transcript_duration_seconds,speaker_ids_contiguous,min_speaker_id,max_speaker_id,empty_text_turns,empty_text_rate,one_word_turn_rate,median_tokens_per_turn,mean_tokens_per_turn,placeholder_turn_rate,unresolved_entity_turn_rate,person_placeholder_turn_rate,partner_placeholder_turn_rate,repeated_previous_turn_rate,max_gap_seconds,median_gap_seconds,review_flagged_count,review_flagged_rate,duration_seconds,n_turns,n_speakers,speaker_1_pct,speaker_2_pct,speaker_3_pct,speaker_4_pct,speaker_5_pct,validated_duration_seconds,no_gaps,no_null_speaker_id,speaker_id_match,duration_consistent,all_checks_pass,top_speaker_pct,turn_count_match,duration_match,validation_duration_match,severe_flags,caution_flags,quality_label,audit_rationale
2024.10.14startup_a,504,5485.0,True,1,4,0,0.0,0.0992063492063492,10.0,21.873015873015877,0.1726190476190476,0.1388888888888889,0.0277777777777777,0.0158730158730158,0.0019841269841269,87.0,6.0,84,0.1666666666666666,5485,504,4,4.210718191760845,59.296390812978494,13.251913962814436,23.240977032446228,0.0,5485,True,True,True,True,True,59.296390812978494,True,True,True,,,include,No structural or distributional flags detected in the audit criteria.
2024.10.25startup_a,513,5257.0,True,1,4,0,0.0,0.0506822612085769,10.0,22.77972709551657,0.2514619883040935,0.1676413255360623,0.0350877192982456,0.087719298245614,0.0038986354775828,74.0,5.0,118,0.2300194931773879,5257,513,4,42.77291745910993,24.343856979840243,19.8364397109167,13.04678585013313,0.0,5257,True,True,True,True,True,42.77291745910993,True,True,True,,,include,No structural or distributional flags detected in the audit criteria.
2024.10.28startup_b,532,5421.0,True,1,4,0,0.0,0.0864661654135338,9.0,22.644736842105264,0.1748120300751879,0.150375939849624,0.0150375939849624,0.0206766917293233,0.0,55.0,6.0,101,0.1898496240601503,5421,532,4,12.32017705643674,26.429361859092587,22.132054592401328,39.11840649206935,0.0,5421,True,True,True,True,True,39.11840649206935,True,True,True,,,include,No structural or distributional flags detected in the audit criteria.
2024.11.04startup_a,420,5257.0,True,1,4,0,0.0,0.0809523809523809,11.5,26.904761904761905,0.2904761904761905,0.1714285714285714,0.0714285714285714,0.1166666666666666,0.0,76.0,7.0,91,0.2166666666666666,5257,420,4,46.69075694180297,6.865728413845568,34.93723849372385,11.506276150627617,0.0,5257,True,True,True,True,True,46.69075694180297,True,True,True,,,include,No structural or distributional flags detected in the audit criteria.
2024.11.04startup_b,461,5069.0,True,1,4,0,0.0,0.088937093275488,11.0,22.44468546637744,0.1626898047722342,0.1344902386117136,0.0086767895878524,0.0412147505422993,0.0,77.0,7.0,74,0.1605206073752711,5069,461,4,30.69033530571992,15.364891518737672,43.35305719921104,10.59171597633136,0.0,5069,True,True,True,True,True,43.35305719921104,True,True,True,,,include,No structural or distributional flags detected in the audit criteria.
2024.11.11startup_a,431,5259.0,True,1,4,0,0.0,0.062645011600928,12.0,23.48955916473318,0.2250580046403712,0.1345707656612529,0.0556844547563805,0.0649651972157772,0.0023201856148491,73.0,7.0,83,0.1925754060324826,5259,431,4,40.96958174904943,6.749049429657795,33.5171102661597,18.76425855513308,0.0,5259,True,True,True,True,True,40.96958174904943,True,True,True,,,include,No structural or distributional flags detected in the audit criteria.
2024.11.11startup_b,670,5557.0,True,1,4,0,0.0,0.0805970149253731,8.0,19.280597014925373,0.1552238805970149,0.1313432835820895,0.0164179104477611,0.026865671641791,0.0,68.0,5.0,112,0.1671641791044776,5557,670,4,35.42641237855344,16.138898884490825,29.039222741993523,19.39546599496221,0.0,5557,True,True,True,True,True,35.42641237855344,True,True,True,,,include,No structural or distributional flags detected in the audit criteria.
2024.11.18startup_a,368,5378.0,True,1,4,0,0.0,0.0625,14.0,29.671195652173918,0.2282608695652173,0.1576086956521739,0.0842391304347826,0.0244565217391304,0.0,93.0,8.5,71,0.1929347826086956,5378,368,4,43.725599553820416,37.237404722067296,2.4539877300613497,16.583007994050938,0.0,5378,True,True,True,True,True,43.725599553820416,True,True,True,,,include,No structural or distributional flags detected in the audit criteria.
2024.11.18startup_b,507,5338.0,True,1,4,0,0.0,0.0848126232741617,10.0,23.36883629191321,0.1814595660749507,0.1439842209072978,0.0256410256410256,0.039447731755424,0.0,74.0,6.0,96,0.1893491124260355,5338,507,4,31.74751826184679,15.82693388274958,18.954860460760443,33.47068739464319,0.0,5338,True,True,True,True,True,33.47068739464319,True,True,True,,,include,No structural or distributional flags detected in the audit criteria.
2024.12.09startup_a,514,5389.0,True,1,4,0,0.0,0.0914396887159533,10.0,22.57003891050584,0.2529182879377432,0.159533073929961,0.0953307392996108,0.0291828793774319,0.0019455252918287,76.0,6.0,102,0.1984435797665369,5389,514,4,46.14100185528757,29.59183673469388,14.434137291280148,9.833024118738404,0.0,5389,True,True,True,True,True,46.14100185528757,True,True,True,,,include,No structural or distributional flags detected in the audit criteria.
2024.12.13startup_a,491,5205.0,True,1,3,0,0.0,0.1181262729124236,9.0,21.5030549898167,0.2219959266802444,0.1364562118126273,0.054989816700611,0.0692464358452138,0.0,83.0,6.0,86,0.175152749490835,5205,491,3,43.41144832885133,34.09527468305801,22.493276988090663,0.0,0.0,5205,True,True,True,True,True,43.41144832885133,True,True,True,,,include,No structural or distributional flags detected in the audit criteria.
2024.12.16startup_b,662,5283.0,True,1,4,0,0.0,0.0740181268882175,9.0,18.451661631419935,0.1374622356495468,0.093655589123867,0.0166163141993957,0.0347432024169184,0.0,66.0,5.0,79,0.1193353474320241,5283,662,4,31.07494322482968,24.129447388342165,32.5889477668433,12.20666161998486,0.0,5283,True,True,True,True,True,32.5889477668433,True,True,True,,,include,No structural or distributional flags detected in the audit criteria.
2024.12.23startup_a,439,5340.0,True,1,4,0,0.0,0.0797266514806378,11.0,23.056947608200456,0.2369020501138952,0.1731207289293849,0.0706150341685649,0.0113895216400911,0.0,91.0,7.0,99,0.2255125284738041,5340,439,4,15.689945703051864,30.967983523684705,34.244523497472386,19.09754727579105,0.0,5340,True,True,True,True,True,34.244523497472386,True,True,True,,,include,No structural or distributional flags detected in the audit criteria.
2024.12.23startup_b,531,5511.0,True,1,4,0,0.0,0.1129943502824858,10.0,21.192090395480225,0.1864406779661017,0.1412429378531073,0.0433145009416195,0.0282485875706214,0.0018832391713747,70.0,6.0,91,0.1713747645951036,5511,531,4,41.9811320754717,24.11103047895501,14.38679245283019,19.521044992743107,0.0,5511,True,True,True,True,True,41.9811320754717,True,True,True,,,include,No structural or distributional flags detected in the audit criteria.
2025.01.06startup_a,657,5684.0,True,1,3,0,0.0,0.0867579908675799,9.0,20.665144596651444,0.182648401826484,0.1476407914764079,0.0487062404870624,0.0197869101978691,0.0,77.0,5.0,129,0.1963470319634703,5684,657,3,20.66842568161829,40.87950747581355,38.452066842568165,0.0,0.0,5684,True,True,True,True,True,40.87950747581355,True,True,True,,,include,No structural or distributional flags detected in the audit criteria.
2025.01.06startup_b,501,5846.0,True,1,3,0,0.0,0.0638722554890219,13.0,25.80239520958084,0.1976047904191616,0.1676646706586826,0.0119760479041916,0.0379241516966067,0.0059880239520958,195.0,6.0,107,0.2135728542914171,5846,501,3,42.945100051308366,12.194287668890029,44.86061227980161,0.0,0.0,5846,True,True,True,True,True,44.86061227980161,True,True,True,,,include,No structural or distributional flags detected in the audit criteria.
2025.01.13startup_a,415,5418.0,True,1,4,0,0.0,0.1012048192771084,15.0,27.489156626506023,0.236144578313253,0.1614457831325301,0.0626506024096385,0.0385542168674698,0.0,87.0,7.0,88,0.2120481927710843,5418,415,4,46.81675585901458,26.33327182136925,20.686473519099465,6.163498800516701,0.0,5418,True,True,True,True,True,46.81675585901458,True,True,True,,,include,No structural or distributional flags detected in the audit criteria.
2025.01.13startup_b,471,5654.0,True,1,4,0,0.0,0.0530785562632696,12.0,27.9447983014862,0.1953290870488322,0.1592356687898089,0.0233545647558386,0.0360934182590233,0.0,77.0,6.0,88,0.1868365180467091,5654,471,4,50.76923076923077,20.760389036251105,5.517241379310345,22.95313881520778,0.0,5654,True,True,True,True,True,50.76923076923077,True,True,True,,,include,No structural or distributional flags detected in the audit criteria.
2025.02.10startup_b,481,5413.0,True,1,3,0,0.0,0.0665280665280665,12.0,21.692307692307693,0.185031185031185,0.158004158004158,0.027027027027027,0.0311850311850311,0.002079002079002,92.0,7.0,106,0.2203742203742204,5413,481,3,47.6727004063539,35.851496121167344,16.47580347247876,0.0,0.0,5413,True,True,True,True,True,47.6727004063539,True,True,True,,,include,No structural or distributional flags detected in the audit criteria.
2025.02.24startup_a,391,5132.0,True,1,4,0,0.0,0.0588235294117647,14.0,25.035805626598467,0.2352941176470588,0.1815856777493606,0.0511508951406649,0.0306905370843989,0.0,83.0,7.0,96,0.2455242966751918,5132,391,4,23.82622248197935,52.05532826806935,19.871420222092343,4.247029027858952,0.0,5132,True,True,True,True,True,52.05532826806935,True,True,True,,,include,No structural or distributional flags detected in the audit criteria.
2025.02.24startup_b,405,5124.0,True,1,4,0,0.0,0.0888888888888888,14.0,27.419753086419757,0.2222222222222222,0.1506172839506173,0.0246913580246913,0.0864197530864197,0.0,70.0,7.0,81,0.2,5124,405,4,12.48780487804878,24.13658536585366,57.36585365853659,6.009756097560976,0.0,5124,True,True,True,True,True,57.36585365853659,True,True,True,,,include,No structural or distributional flags detected in the audit criteria.
2025.03.02startup_a,324,5258.0,True,1,4,0,0.0,0.0555555555555555,15.0,30.28395061728395,0.2839506172839506,0.1790123456790123,0.0895061728395061,0.0864197530864197,0.0,82.0,9.0,82,0.2530864197530864,5258,324,4,38.448374215630345,29.359193763072827,25.9364898269633,6.255942194333524,0.0,5258,True,True,True,True,True,38.448374215630345,True,True,True,,,include,No structural or distributional flags detected in the audit criteria.
2025.03.17startup_a,386,5271.0,True,1,5,0,0.0,0.0544041450777202,15.0,29.367875647668395,0.2901554404145077,0.1813471502590673,0.0518134715025906,0.1269430051813471,0.0025906735751295,103.0,9.0,104,0.2694300518134715,5271,386,5,50.73975720789074,2.465857359635812,37.898330804248864,0.0569044006069802,8.839150227617603,5271,True,True,True,True,True,50.73975720789074,True,True,True,,,include,No structural or distributional flags detected in the audit criteria.
2025.03.24startup_b,559,5274.0,True,1,5,0,0.0,0.0894454382826475,9.0,16.432915921288014,0.1538461538461538,0.1216457960644007,0.0089445438282647,0.0322003577817531,0.0017889087656529,81.0,5.0,83,0.148479427549195,5274,559,5,20.701421800947863,46.71090047393365,7.279620853080568,0.0379146919431279,25.270142180094787,5274,True,True,True,True,True,46.71090047393365,True,True,True,,,include,No structural or distributional flags detected in the audit criteria.
2025.04.07startup_a,542,5932.0,True,1,4,0,0.0,0.092250922509225,12.0,24.52214022140221,0.2195571955719557,0.1346863468634686,0.0498154981549815,0.0756457564575645,0.0018450184501845,68.0,6.0,99,0.1826568265682656,5932,542,4,42.42373167031856,40.451710770268,0.0505646384628349,17.073992920950616,0.0,5932,True,True,True,True,True,42.42373167031856,True,True,True,,,include,No structural or distributional flags detected in the audit criteria.
2025.04.14startup_b,417,5207.0,True,1,5,0,0.0,0.0671462829736211,15.0,29.81534772182254,0.2254196642685851,0.1606714628297362,0.0047961630695443,0.079136690647482,0.0,76.0,6.0,85,0.2038369304556355,5207,417,5,26.86251920122888,55.56835637480799,0.0384024577572964,5.203533026113671,12.327188940092164,5207,True,True,True,True,True,55.56835637480799,True,True,True,,,include,No structural or distributional flags detected in the audit criteria.
2024.10.14startup_b,858,6044.0,True,1,4,0,0.0,0.1025641025641025,7.0,14.808857808857807,0.0967365967365967,0.0606060606060606,0.0163170163170163,0.0244755244755244,0.0011655011655011,376.0,4.0,63,0.0734265734265734,6044,858,4,49.79321753515302,10.65343258891646,15.153019023986763,24.40033085194376,0.0,6044,True,True,True,True,True,49.79321753515302,True,True,True,,outlier_turn_count; large_within_meeting_gap,include_with_caution,"Caution flags: outlier_turn_count, large_within_meeting_gap"
2024.12.02startup_b,922,5420.0,True,1,4,0,0.0,0.1279826464208243,7.0,10.941431670281997,0.0824295010845987,0.0726681127982646,0.0075921908893709,0.0065075921908893,0.0010845986984815,77.0,4.0,73,0.079175704989154,5420,922,4,29.01678657074341,31.98671831765357,24.70023980815348,14.296255303449549,0.0,5420,True,True,True,True,True,31.98671831765357,True,True,True,,outlier_turn_count,include_with_caution,Caution flags: outlier_turn_count
2025.03.17startup_b,718,6353.0,True,1,5,0,0.0,0.075208913649025,11.0,20.79108635097493,0.1894150417827298,0.1448467966573816,0.0083565459610027,0.0543175487465181,0.0013927576601671,69.0,5.0,136,0.1894150417827298,6353,718,5,53.38369531004092,25.22820270695625,0.0314762354422411,2.6282656594271323,18.72836008813346,6353,True,True,True,True,True,53.38369531004092,True,True,True,,outlier_duration,include_with_caution,Caution flags: outlier_duration
2025.03.25startup_a,358,5114.0,True,1,5,0,0.0,0.0893854748603352,15.0,28.768156424581004,0.3184357541899441,0.2067039106145251,0.0642458100558659,0.1145251396648044,0.0,158.0,8.0,92,0.2569832402234637,5114,358,5,8.426197458455523,50.49853372434018,1.5249266862170088,0.0782013685239491,39.47214076246334,5114,True,True,True,True,True,50.49853372434018,True,True,True,,high_placeholder_rate,include_with_caution,Caution flags: high_placeholder_rate
2025.03.31startup_a,357,5127.0,True,1,5,0,0.0,0.0504201680672268,15.0,26.725490196078432,0.2773109243697479,0.1512605042016806,0.0700280112044818,0.1148459383753501,0.0056022408963585,309.0,9.0,76,0.2128851540616246,5127,357,5,43.6427457098284,40.971138845553824,0.0975039001560062,4.504680187207488,10.783931357254293,5127,True,True,True,True,True,43.6427457098284,True,True,True,,large_within_meeting_gap,include_with_caution,Caution flags: large_within_meeting_gap
2025.03.31startup_b,441,6325.0,True,1,5,0,0.0,0.0589569160997732,15.0,31.503401360544217,0.2607709750566893,0.1904761904761904,0.0226757369614512,0.0748299319727891,0.0022675736961451,100.0,8.0,109,0.2471655328798186,6325,441,5,55.81726209294973,26.493834966803668,2.2763199494151123,0.1106544419854568,15.301928548846032,6325,True,True,True,True,True,55.81726209294973,True,True,True,,outlier_duration,include_with_caution,Caution flags: outlier_duration
2025.04.07startup_b,767,6482.0,True,1,5,0,0.0,0.0964797913950456,9.0,17.466753585397655,0.18122555410691,0.121251629726206,0.0026075619295958,0.0847457627118644,0.0,65.0,5.0,106,0.1382007822685788,6482,767,5,43.17445627024526,15.79515656331945,0.0771247879068332,26.16072805799784,14.79253432053062,6482,True,True,True,True,True,43.17445627024526,True,True,True,,outlier_duration; outlier_turn_count,include_with_caution,"Caution flags: outlier_duration, outlier_turn_count"
2025.04.14startup_a,475,6224.0,True,1,4,0,0.0,0.1178947368421052,14.0,26.793684210526315,0.2863157894736842,0.1936842105263158,0.0357894736842105,0.1263157894736842,0.0042105263157894,278.0,7.0,127,0.2673684210526316,6224,475,4,55.967871485943775,17.012048192771083,0.1285140562248996,26.89156626506024,0.0,6224,True,True,True,True,True,55.967871485943775,True,True,True,,outlier_duration,include_with_caution,Caution flags: outlier_duration
