meeting_id,second,composite_score,threshold,rank_within_meeting,valid_metric_count,entropy_shift,pct_det_shift,rmse_shift,entropy_shift_z,pct_det_shift_z,rmse_shift_z,top_contributors
2024.10.14startup_a,1561,2.645228640911016,1.9749576644041948,1,3,-0.6984787253041403,-0.9743336370652997,0.44171423610248745,-1.865030533387812,-3.1574091400102318,2.9132462493350046,pct_det:decrease; rmse:increase; entropy:decrease
2024.10.14startup_a,2959,2.5903228932741587,1.9749576644041948,2,3,0.3810121948907952,1.1534386314608582,-0.457264013300241,1.0173529290459387,3.7378137620135647,-3.0158019887629726,pct_det:increase; rmse:decrease; entropy:increase
2024.10.14startup_a,3089,2.5348763100563363,1.9749576644041948,3,3,-0.4703900808736412,-0.7311569612011084,0.6033446422490025,-1.2560037001128441,-2.369374908406007,3.9792503216501576,rmse:increase; pct_det:decrease; entropy:decrease
2024.10.14startup_a,3238,2.455217455249216,1.9749576644041948,4,3,0.337748545142466,-0.8412475501126693,0.5667180837342728,0.901833264891106,-2.7261326127848156,3.7376864880717258,rmse:increase; pct_det:decrease; entropy:increase
2024.10.14startup_a,5266,2.4266611496266934,1.9749576644041948,5,3,-0.13886810896712998,1.2576657610564723,-0.42964060484011224,-0.3707962088963399,4.075570439093335,-2.8336168008904057,pct_det:increase; rmse:decrease; entropy:decrease
2024.10.14startup_a,164,2.3727143975265865,1.9749576644041948,6,3,0.6322196525142876,0.8323301756887957,-0.41435419043489896,1.6881100497850619,2.697235119729318,-2.732798023065379,rmse:decrease; pct_det:increase; entropy:increase
2024.10.14startup_a,1128,2.328847212605766,1.9749576644041948,7,3,0.0884716651238231,1.1785374505461448,-0.44443067417707033,0.23623104157359165,3.8191485715373745,-2.9311620247063317,pct_det:increase; rmse:decrease; entropy:increase
2024.10.14startup_a,794,2.1576611383221365,1.9749576644041948,8,3,-0.4644251902889662,-0.4794160312890483,0.5578682877825142,-1.2400766537108334,-1.5535874996769958,3.6793192615785797,rmse:increase; pct_det:decrease; entropy:decrease
2024.10.14startup_a,4602,2.1474946841819427,1.9749576644041948,9,3,-0.3604644247739608,1.116024533752011,0.28253768258412043,-0.9624876664794331,3.616570268432697,1.8634261176336984,pct_det:increase; rmse:increase; entropy:decrease
2024.10.14startup_a,1447,1.9989095040254548,1.9749576644041948,10,3,-0.09215232084001279,-0.7529304005322643,0.501982714624428,-0.24605887890763947,-2.4399335484224993,3.310736084746225,rmse:increase; pct_det:decrease; entropy:decrease
2024.10.14startup_b,3081,3.7261957300857915,2.0752914476334223,1,3,-0.38926587902678933,3.309118208348494,-1.3525550297578672,-1.4654103536769714,3.903648183504526,-5.809528653075876,rmse:decrease; pct_det:increase; entropy:decrease
2024.10.14startup_b,2633,3.362601219877497,2.0752914476334223,2,3,-0.6815414736248127,-2.8012064245540103,-0.9819332873612693,-2.5656960594825926,-3.3044828508223176,-4.21762474932758,rmse:decrease; pct_det:decrease; entropy:decrease
2024.10.14startup_b,2781,2.8383042319272165,2.0752914476334223,3,3,-0.04618835254031595,-3.422349456531265,-1.0019989667224578,-0.17387830189761624,-4.037223029869783,-4.3038113640142495,rmse:decrease; pct_det:decrease; entropy:decrease
2024.10.14startup_b,594,2.64147839439079,2.0752914476334223,4,3,-0.25804301586711564,-2.3497059386203745,-0.9734427042924764,-0.9714154965009885,-2.7718639049896536,-4.181155781681729,rmse:decrease; pct_det:decrease; entropy:decrease
2024.10.14startup_b,1339,2.4468254117340447,2.0752914476334223,5,3,0.7446985422834383,1.1262688110423227,-0.7469697376810447,2.8034539193587933,1.3286189617739246,-3.208403354069416,rmse:decrease; entropy:increase; pct_det:increase
2024.10.14startup_b,374,2.174930314020141,2.0752914476334223,6,3,-0.8103309419738974,-0.7689490821710621,0.5976773668565161,-3.0505302834200907,-0.9071016805176697,2.567158978122661,entropy:decrease; rmse:increase; pct_det:decrease
2024.10.14startup_b,3420,2.089268205271002,2.0752914476334223,7,3,-0.5260997282889395,-0.6788406987667059,0.8117088720785117,-1.9805280412162618,-0.8008040492310269,3.486472525365718,rmse:increase; entropy:decrease; pct_det:decrease
2024.10.25startup_a,4267,3.0391210356425695,2.0302049350455063,1,3,0.8724825118094568,-0.9436368756637563,0.7394943074959892,2.295254724656392,-2.039485383550439,4.782622998720878,rmse:increase; entropy:increase; pct_det:decrease
2024.10.25startup_a,4913,2.4848371181441014,2.0302049350455063,2,3,0.33393223781983794,1.0078691224989456,0.6799800900932556,0.8784812717695522,2.178310743126204,4.397719339536549,rmse:increase; pct_det:increase; entropy:increase
2024.10.25startup_a,4657,2.4516172104188425,2.0302049350455063,3,3,0.48655036197178275,-1.0666484733038004,-0.5828479287290922,1.2799763914842832,-2.305350741151675,-3.769524498620569,rmse:decrease; pct_det:decrease; entropy:increase
2024.10.25startup_a,1112,2.2893528335812783,2.0302049350455063,4,3,-1.2435220045115425,-0.43669622748974746,0.410189743937459,-3.2713546889896166,-0.9438329467471078,2.652870865007111,entropy:decrease; rmse:increase; pct_det:decrease
2024.10.25startup_a,3550,2.145806185027332,2.0302049350455063,5,3,-0.8994339270708821,-0.6081993577902125,0.4262530500280757,-2.3661562755501393,-1.3145032082657775,2.7567590712660794,rmse:increase; entropy:decrease; pct_det:decrease
2024.10.25startup_a,3089,2.0812089269425846,2.0302049350455063,6,3,0.4107018750550746,-1.1261899392194152,0.421983859174814,1.0804404746066358,-2.434037900992314,2.729148405228804,rmse:increase; pct_det:decrease; entropy:increase
2024.10.25startup_a,5005,2.053297725528042,2.0302049350455063,7,3,0.6249084498466055,-1.321531926140736,-0.2566253131789148,1.643957388914826,-2.856231159219427,-1.6597046284498718,pct_det:decrease; rmse:decrease; entropy:increase
2024.10.28startup_b,4615,4.720582210985506,2.352556798720389,1,3,-0.47349624728809125,-1.8821831384484256,-1.0220551676345577,-1.3198616262724272,-5.451571538008898,-7.390313468675194,rmse:decrease; pct_det:decrease; entropy:decrease
2024.10.28startup_b,4915,3.589057998009585,2.352556798720389,2,3,-0.19315212023520456,1.6615351710935187,-0.7490532516832642,-0.538407797298748,4.812484855007839,-5.416281341722168,rmse:decrease; pct_det:increase; entropy:decrease
2024.10.28startup_b,3778,3.105650958832387,2.352556798720389,3,3,0.37663592345749086,-1.2243544918403302,-0.6528783767548539,1.0498653480241087,-3.5462309505398784,-4.720856577933174,rmse:decrease; pct_det:decrease; entropy:increase
2024.10.28startup_b,1984,3.0783606151379312,2.352556798720389,4,3,0.19533764593214475,-1.234789468721985,-0.7072663400139907,0.5444999078849352,-3.576454907925186,-5.114127029603672,rmse:decrease; pct_det:decrease; entropy:increase
2024.10.28startup_b,4081,3.044072737458715,2.352556798720389,5,3,0.22982308712651606,1.2118022445662717,-0.6889543861925453,0.640627407856084,3.509874512858837,-4.981716291661223,rmse:decrease; pct_det:increase; entropy:increase
2024.10.28startup_b,2285,2.9999361793097585,2.352556798720389,6,3,-0.08093649041000939,1.3975160592237614,-0.6536480589319782,-0.22560890074455384,4.0477776135297034,-4.726422023655018,rmse:decrease; pct_det:increase; entropy:decrease
2024.10.28startup_b,2486,2.500696048297168,2.352556798720389,7,3,0.5301696423705833,1.2266741566468653,-0.34177248971340907,1.4778376183280648,3.552949647769019,-2.47130087879442,pct_det:increase; rmse:decrease; entropy:increase
2024.10.28startup_b,1889,2.4853600725600424,2.352556798720389,8,3,0.4655613805966512,0.9090505294982592,-0.48754459017139035,1.2977433389246356,2.632981824133169,-3.525355054622323,rmse:decrease; pct_det:increase; entropy:increase
2024.11.04startup_a,3834,2.8284239779424207,2.0674270415853075,1,3,0.27555228331547477,1.1174222389170154,-0.6078925193260745,0.6842489953367396,3.73109217850319,-4.069930759987332,rmse:decrease; pct_det:increase; entropy:increase
2024.11.04startup_a,259,2.794602967561621,2.0674270415853075,2,3,0.6293563427108473,-0.5789538640601393,0.7300599447747638,1.562812109655699,-1.933136963519307,4.887859829509857,rmse:increase; pct_det:decrease; entropy:increase
2024.11.04startup_a,4663,2.4465627211911536,2.0674270415853075,3,3,0.13977790850438032,-1.0306399684352385,-0.5304241059702652,0.34709526741570546,-3.4413246767026893,-3.551268219455066,rmse:decrease; pct_det:decrease; entropy:increase
2024.11.04startup_a,2464,2.4221150967116896,2.0674270415853075,4,3,0.9053302346610875,-0.8192221857583633,-0.34096931023938,2.2481080398292415,-2.7353970444526943,-2.2828402058531343,pct_det:decrease; rmse:decrease; entropy:increase
2024.11.04startup_a,3987,2.363579911101396,2.0674270415853075,5,3,-1.1752895831621866,-0.5140881580968255,-0.3667912268031932,-2.918468708850285,-1.7165492496329529,-2.4557217748209497,entropy:decrease; rmse:decrease; pct_det:decrease
2024.11.04startup_a,1956,2.3428028772299663,2.0674270415853075,6,3,0.4874924761252868,-0.9181502660189125,-0.4110666042645555,1.2105370095629115,-3.0657196151330535,-2.752152006993933,pct_det:decrease; rmse:decrease; entropy:increase
2024.11.04startup_a,2911,2.2903049377893128,2.0674270415853075,7,3,-0.26913391314156576,-0.6350215520824776,0.6097334276454454,-0.6683109552292349,-2.1203479433631034,4.0822559147756,rmse:increase; pct_det:decrease; entropy:decrease
2024.11.04startup_a,4226,2.202330018708127,2.0674270415853075,8,3,0.34122666038532523,-0.43470451528745,0.643476848812602,0.847331028222539,-1.451485893569616,4.308173134332225,rmse:increase; pct_det:decrease; entropy:increase
2024.11.04startup_a,2760,2.168661774411168,2.0674270415853075,9,3,0.797788726812648,0.6497990460493952,-0.3517820572841923,1.9810619177034943,2.1696902512549543,-2.3552331542750546,rmse:decrease; pct_det:increase; entropy:increase
2024.11.04startup_b,3250,2.507312341555615,2.0691323907873214,1,3,-0.28921804876157275,1.515796718081134,-0.25782565464600504,-0.9560365027312537,4.926813128713535,-1.6390873932220562,pct_det:increase; rmse:decrease; entropy:decrease
2024.11.04startup_b,610,2.479928728665426,2.0691323907873214,2,3,0.05643727625929462,1.152929704394495,-0.5514635618175235,0.18655853757970092,3.7473819123222123,-3.505845736094364,pct_det:increase; rmse:decrease; entropy:increase
2024.11.04startup_b,3379,2.4784966080337973,2.0691323907873214,3,3,-0.5576023853978372,0.7751663620073828,-0.4833385877640556,-1.8432052796602032,2.5195329714856016,-3.0727515729555868,rmse:decrease; pct_det:increase; entropy:decrease
2024.11.04startup_b,2430,2.392647821952005,2.0691323907873214,4,3,0.35972787228253544,-1.323664686089728,0.265284579532756,1.189113122174015,-4.302323969731862,1.6865063739501371,pct_det:decrease; rmse:increase; entropy:increase
2024.11.04startup_b,366,2.33106229762992,2.0691323907873214,5,3,0.8557647855281837,-0.7031184611948333,-0.29556726969894875,2.8288081474174906,-2.285354773719825,-1.879023971752444,entropy:increase; pct_det:decrease; rmse:decrease
2024.11.04startup_b,1744,2.2399445587145252,2.0691323907873214,6,3,0.8019202506213393,0.555715358121688,0.3559290655218442,2.6508201516338405,1.8062486147137364,2.262764909795999,entropy:increase; rmse:increase; pct_det:increase
2024.11.04startup_b,2941,2.215441472047718,2.0691323907873214,7,3,0.15312628993777722,-1.2638105297391888,-0.3196887032870056,0.5061728454886641,-4.107779252885387,-2.032372317769102,pct_det:decrease; rmse:decrease; entropy:increase
2024.11.04startup_b,766,2.079464937287503,2.0691323907873214,8,3,1.262860621369502,-0.37968369942906577,-0.13052671455387282,4.174500371124595,-1.2340907014719622,-0.8298037392659515,entropy:increase; pct_det:decrease; rmse:decrease
2024.11.11startup_a,5085,3.509769187262577,2.272763042184392,1,3,-0.1166846232558143,-1.695693598018977,0.5044389026299199,-0.286602110972795,-6.296061773922453,3.946643676892483,pct_det:decrease; rmse:increase; entropy:decrease
2024.11.11startup_a,4335,3.1519972200969293,2.272763042184392,2,3,0.6706495078952719,-1.042322345140164,-0.5034135662060022,1.6472570191554643,-3.8701130210133337,-3.93862162012199,rmse:decrease; pct_det:decrease; entropy:increase
2024.11.11startup_a,2954,2.88428126031032,2.272763042184392,3,3,0.3247366048624152,0.7722330948106588,0.6375321705712823,0.7976217762615004,2.8672793684397755,4.9879426362296835,rmse:increase; pct_det:increase; entropy:increase
2024.11.11startup_a,2679,2.866697667708183,2.272763042184392,4,3,0.14772617338178717,-0.8649551616279894,-0.6423571606233555,0.3628467226939743,-3.211553747472458,-5.025692532958117,rmse:decrease; pct_det:decrease; entropy:increase
2024.11.11startup_a,2350,2.8379038839105353,2.272763042184392,5,3,0.5407725060831372,1.055048986349746,-0.4177102249346621,1.328251636547602,3.9173666754021257,-3.268093339781879,pct_det:increase; rmse:decrease; entropy:increase
2024.11.11startup_a,3227,2.7175716234691834,2.272763042184392,6,3,-0.2960802049623297,-1.2999065943220671,0.33218560059019303,-0.7272355979024264,-4.826515962401656,2.5989633101034673,pct_det:decrease; rmse:increase; entropy:decrease
2024.11.11startup_a,4632,2.6757145039571064,2.272763042184392,7,3,0.6026447402779527,0.9149552391025964,-0.4025801190976882,1.48022292836007,3.397202603403039,-3.1497179801082114,pct_det:increase; rmse:decrease; entropy:increase
2024.11.11startup_a,3292,2.510453020549343,2.272763042184392,8,3,0.6762002737805983,-0.9764152031268907,0.28695240136474337,1.6608908740359194,-3.625401689943247,2.245066497668862,pct_det:decrease; rmse:increase; entropy:increase
2024.11.11startup_a,2752,2.4148642400417213,2.272763042184392,9,3,-0.7723983048640839,0.6306823691655268,0.38417424380153387,-1.8971735821654132,2.341705577368986,3.005713560590765,rmse:increase; pct_det:increase; entropy:decrease
2024.11.11startup_b,3169,3.7313478474604547,1.992867245174779,1,3,-0.6753930336680496,2.4542832913603974,-1.262713256315839,-1.7889254301156352,3.9467332621186704,-5.458384850147058,rmse:decrease; pct_det:increase; entropy:decrease
2024.11.11startup_b,1264,3.2011565641282274,1.992867245174779,2,3,-0.4862382387538049,-3.5458581819064108,-0.6045853159017649,-1.2879077915228259,-5.702094977604868,-2.613466923256987,pct_det:decrease; rmse:decrease; entropy:decrease
2024.11.11startup_b,1544,2.9610077469515823,1.992867245174779,3,3,0.42957534833384536,1.9535973734631114,1.0649764057264752,1.1378237951487358,3.141580176085025,4.603619269620986,rmse:increase; pct_det:increase; entropy:increase
2024.11.11startup_b,941,2.288642918816153,1.992867245174779,4,3,-0.6642397138984697,1.4220967576950585,-0.6522875338147136,-1.759383435497107,2.28687397062266,-2.8196713503286905,rmse:decrease; pct_det:increase; entropy:decrease
2024.11.11startup_b,2916,2.1623447489625716,1.992867245174779,5,3,-1.2906558339642378,1.2003356333313775,0.26330307500489075,-3.4185828514786367,1.930259879310553,1.1381915160985252,entropy:decrease; pct_det:increase; rmse:increase
2024.11.11startup_b,716,2.0883216236507773,1.992867245174779,6,3,-0.7912851620891894,-1.3377126113046813,-0.46680964337034464,-2.095890952926611,-2.151175814453496,-2.017898103572225,pct_det:decrease; entropy:decrease; rmse:decrease
2024.11.11startup_b,2711,2.072706185978444,1.992867245174779,7,3,0.665190249782003,-1.1168247818070967,0.6154081729748642,1.761901136642254,-1.7959660687227623,2.660251352570316,rmse:increase; pct_det:decrease; entropy:increase
2024.11.11startup_b,389,2.0392036593611986,1.992867245174779,8,3,0.13238824245652903,-1.4813713749483526,-0.783011722413903,0.3506590707525725,-2.382193489904094,-3.3847584174269283,rmse:decrease; pct_det:decrease; entropy:increase
2024.11.18startup_a,5212,4.353170938009268,2.3142911333917837,1,3,0.1274788532468769,-1.8140647717330012,0.39766084497160936,0.4144502642069998,-9.862574149420952,2.7824884003998505,pct_det:decrease; rmse:increase; entropy:increase
2024.11.18startup_a,956,3.437589757869821,2.3142911333917837,2,3,0.7640865156999944,1.0337896085540734,-0.3155851913421787,2.4841442344605245,5.620431435601495,-2.208193603547444,pct_det:increase; entropy:increase; rmse:decrease
2024.11.18startup_a,2125,2.981781580276261,2.3142911333917837,3,3,0.6587648526641912,-0.67185306179951,0.45031737430880825,2.141729865644584,-3.652681394161612,3.1509334810225873,pct_det:decrease; rmse:increase; entropy:increase
2024.11.18startup_a,180,2.9519690132685583,2.3142911333917837,4,3,-1.111983094168056,0.5948632806869085,-0.2867738973126611,-3.6152010740099634,3.234109005345895,-2.0065969604498175,entropy:decrease; pct_det:increase; rmse:decrease
2024.11.18startup_a,1191,2.813203634714803,2.3142911333917837,5,3,0.2207538262238929,1.0683045320169668,-0.27351634015215187,0.7176992832373158,5.808079637153407,-1.9138319837536868,pct_det:increase; rmse:decrease; entropy:increase
2024.11.18startup_a,5152,2.640115868529971,2.3142911333917837,6,3,0.15901372182094708,-1.020488981227757,-0.26514461246179477,0.5169742066443043,-5.54811956158043,-1.8552538373651783,pct_det:decrease; rmse:decrease; entropy:increase
2024.11.18startup_a,654,2.4968085203030195,2.3142911333917837,7,3,0.17239302667948198,-1.1253598219563514,-0.1160016682076283,0.5604720597571431,-6.1182736480906925,-0.8116798530612235,pct_det:decrease; rmse:decrease; entropy:increase
2024.11.18startup_a,327,2.472566551327924,2.3142911333917837,8,3,-0.265576379000926,0.8369621752679137,-0.2863944546245143,-0.863423208168596,4.550334498781275,-2.003941947033899,pct_det:increase; rmse:decrease; entropy:decrease
2024.11.18startup_a,890,2.4238805726141095,2.3142911333917837,9,3,-0.4820490738021952,-1.013069462555606,-0.0281052096160464,-1.567203978617166,-5.5077816672575075,-0.19665607196765533,pct_det:decrease; entropy:decrease; rmse:decrease
2024.11.18startup_a,3647,2.4160018878215896,2.3142911333917837,10,3,0.6334285477581014,-0.4229154977674767,0.4129360987934728,2.0593582565901603,-2.2992759247986294,2.8893714820759784,rmse:increase; pct_det:decrease; entropy:increase
2024.11.18startup_a,3129,2.3741962605787594,2.3142911333917837,11,3,-0.4929087803138201,0.6904539231235702,-0.2524273387603666,-1.6025102911413078,3.7538091912007365,-1.7662692993942342,pct_det:increase; rmse:decrease; entropy:decrease
2024.11.18startup_a,4199,2.3147165149908737,2.3142911333917837,12,3,-0.6337740266449102,-0.6937533465429908,-0.15891077201061274,-2.0604814532009623,-3.7717472541803096,-1.1119208375913483,pct_det:decrease; entropy:decrease; rmse:decrease
2024.11.18startup_b,1988,3.297734878542436,2.1409004044370574,1,3,0.4847279865349594,1.6296548995824764,-0.6352955408342631,1.1451635607557673,4.603492575037184,-4.1445484998343565,pct_det:increase; rmse:decrease; entropy:increase
2024.11.18startup_b,5131,3.133075632059992,2.1409004044370574,2,3,-0.7867850066829197,-1.3226289786341283,0.5831345447026772,-1.858769340394339,-3.7361975742417455,3.804259981543893,rmse:increase; pct_det:decrease; entropy:decrease
2024.11.18startup_b,1811,2.6345733031854834,2.1409004044370574,3,3,-0.29171898449216194,1.192430239195474,-0.5895524056574222,-0.6891823049235207,3.368408706525883,-3.846128898107047,rmse:decrease; pct_det:increase; entropy:decrease
2024.11.18startup_b,1098,2.5412909100147414,2.1409004044370574,4,3,-1.2905907186674295,-0.9469845916094215,0.2912103732633461,-3.0490037792793028,-2.6750673024488165,1.8998016483161042,entropy:decrease; pct_det:decrease; rmse:increase
2024.11.18startup_b,1419,2.347313287830296,2.1409004044370574,5,3,-0.8259614679654164,1.1008087222532197,-0.3036603325104894,-1.9513232203977968,3.1095938046313947,-1.9810228384616968,pct_det:increase; rmse:decrease; entropy:decrease
2024.11.18startup_b,3413,2.329354396660268,2.1409004044370574,6,3,-0.5439290483795521,-0.9969551565103814,0.44250394187428294,-1.285025299020774,-2.8162254854180566,2.886812405541974,rmse:increase; pct_det:decrease; entropy:decrease
2024.12.02startup_b,5119,2.433337243434953,1.814024297548043,1,3,0.6160345696248004,-1.6746872153597536,0.7997293449801675,2.318260895057422,-2.0070284649985863,2.974722370248851,rmse:increase; entropy:increase; pct_det:decrease
2024.12.02startup_b,3640,2.3286085701512884,1.814024297548043,2,3,-0.49917502678601267,1.9500415321822402,-0.7447731130705032,-1.87849513882324,2.33702677558117,-2.770303796049456,rmse:decrease; pct_det:increase; entropy:decrease
2024.12.02startup_b,890,2.0827928979598878,1.814024297548043,3,3,0.24719952593372185,1.8635645153352414,-0.8293037601152559,0.9302610965451403,2.2333884168546985,-3.0847291804798243,rmse:decrease; pct_det:increase; entropy:increase
2024.12.02startup_b,627,2.0774037594111765,1.814024297548043,4,3,-0.5519824424446518,-1.3501195683272016,0.6820354292144355,-2.077219971367991,-1.6180504514105327,2.5369408554550064,rmse:increase; entropy:decrease; pct_det:decrease
2024.12.02startup_b,4853,1.954421134374092,1.814024297548043,5,3,-0.939367843192688,0.6856873311861449,0.4050027610590461,-3.535028461591664,0.8217618067167688,1.5064731348138436,entropy:decrease; rmse:increase; pct_det:increase
2024.12.02startup_b,4543,1.8998674455936786,1.814024297548043,6,3,-0.40206609214284716,1.6320416151227022,-0.5996856663916188,-1.513054858611286,1.9559198562997815,-2.2306276218699677,rmse:decrease; pct_det:increase; entropy:decrease
2024.12.02startup_b,795,1.8805839538201201,1.814024297548043,7,3,0.5271369009370348,-1.5414426230841372,-0.4867886903046199,1.983721245592398,-1.8473415174590453,-1.8106890984089166,entropy:increase; pct_det:decrease; rmse:decrease
2024.12.02startup_b,1454,1.8624705025255366,1.814024297548043,8,3,-0.2685798750645898,-1.953438154146525,0.6010209537393245,-1.0107196126036695,-2.341097456305686,2.2355944386672544,pct_det:decrease; rmse:increase; entropy:decrease
2024.12.02startup_b,3940,1.84808914733856,1.814024297548043,9,3,-0.4300110467287024,-1.7263043659900035,0.4992823070690041,-1.6182172936837214,-2.068889025971924,1.857161122360034,pct_det:decrease; rmse:increase; entropy:decrease
2024.12.09startup_a,946,3.4231876800222167,2.0048079751018015,1,3,-0.5810556802325553,1.2428350158210293,0.8129918161761311,-1.5188528439638536,3.605632607708816,5.145077588393979,rmse:increase; pct_det:increase; entropy:decrease
2024.12.09startup_a,3124,2.599792139608548,2.0048079751018015,2,3,0.22131732584905828,1.1850765304769624,-0.5977328571944565,0.578513318465075,3.438067423692124,-3.7827956766684463,rmse:decrease; pct_det:increase; entropy:increase
2024.12.09startup_a,1397,2.5091449428140034,2.0048079751018015,3,3,-0.5011921073737768,1.1990705798675378,0.43274777550362187,-1.3100931348820632,3.478666055171149,2.738675638388798,pct_det:increase; rmse:increase; entropy:decrease
2024.12.09startup_a,1332,2.446664132534871,2.0048079751018015,4,3,0.31559799155259416,-1.2209421538084513,0.46976080881143556,0.8249586456621324,-3.542118451651285,2.972915300291194,pct_det:decrease; rmse:increase; entropy:increase
2024.12.09startup_a,676,2.3891600752278666,2.0048079751018015,5,3,0.42037594724897226,-1.0314157922736342,-0.48610646924553397,1.0988434064658976,-2.9922768230591665,-3.076359996158536,rmse:decrease; pct_det:decrease; entropy:increase
2024.12.09startup_a,1094,2.1647769868107773,2.0048079751018015,6,3,-0.5051030287893918,-0.9698607523775848,0.3729620802857284,-1.3203161037243067,-2.8136973203957387,2.360317536312287,pct_det:decrease; rmse:increase; entropy:decrease
2024.12.09startup_a,3274,2.0449537270442506,2.0048079751018015,7,3,0.22745811390960913,-1.0429556507639433,0.3973314109528947,0.5945650562369423,-3.0257555145438255,2.514540610351984,pct_det:decrease; rmse:increase; entropy:increase
2024.12.13startup_a,5034,3.7198930930718803,2.130002015644975,1,3,0.2350135132239799,-2.216051080342467,0.7522409704825648,0.722638602562629,-5.3155077291036275,5.121532947549384,pct_det:decrease; rmse:increase; entropy:increase
2024.12.13startup_a,4966,2.8210605263864075,2.130002015644975,2,3,0.24559282724396492,-1.619662653507831,0.5615187478999601,0.7551687349562803,-3.8849868713003155,3.823025972902626,pct_det:decrease; rmse:increase; entropy:increase
2024.12.13startup_a,3393,2.8117981491211688,2.130002015644975,3,3,0.14862788006952132,-1.2007259981219534,0.7488245270136753,0.45701305461921743,-2.880108847746672,5.0982725449976165,rmse:increase; pct_det:decrease; entropy:increase
2024.12.13startup_a,3088,2.795920940512912,2.130002015644975,4,3,0.03907876505770824,1.5291563206914844,-0.6755959469723405,0.12016255484109793,3.667894803393754,-4.599705463303883,rmse:decrease; pct_det:increase; entropy:increase
2024.12.13startup_a,572,2.731011793637887,2.130002015644975,5,3,-0.43959510454790107,-1.4910286835164044,-0.4795411511839763,-1.3517026646085402,-3.576440345554598,-3.264892370750523,pct_det:decrease; rmse:decrease; entropy:decrease
2024.12.13startup_a,2094,2.62551963873671,2.130002015644975,6,3,-1.079758003576431,0.6431019381971765,0.4426702519338884,-3.3201274433383086,1.5425697328963806,3.01386173997544,entropy:decrease; rmse:increase; pct_det:increase
2024.12.13startup_a,3187,2.5996219229902295,2.130002015644975,7,3,0.8193509885774423,1.0806465361156086,-0.3947168594724023,2.5194068429146665,2.5920815030418325,-2.6873774230141905,rmse:decrease; pct_det:increase; entropy:increase
2024.12.13startup_a,3691,2.3025472205087385,2.130002015644975,8,3,-0.6337167576884349,0.9236606826575553,0.4029613541018351,-1.9486036607607442,2.21552902876978,2.7435089719956918,rmse:increase; pct_det:increase; entropy:decrease
2024.12.13startup_a,4836,2.1321506138450452,2.130002015644975,9,3,0.7241382759602442,-0.6035800256881743,-0.39980830498342423,2.2266390754445675,-1.4477709111209847,-2.722041854969583,rmse:decrease; entropy:increase; pct_det:decrease
2024.12.16startup_b,5113,3.0620062380339803,2.07128322275482,1,3,0.23753062217399123,-1.862612878456261,0.8317980779435186,0.5983998697384354,-3.6730571961944816,4.914561648169025,rmse:increase; pct_det:decrease; entropy:increase
2024.12.16startup_b,3427,2.476002227316881,2.07128322275482,2,3,0.45634491713042646,1.2867235812902038,-0.6331622472733133,1.1496485651715909,2.5374082636474706,-3.7409498531315823,rmse:decrease; pct_det:increase; entropy:increase
2024.12.16startup_b,3019,2.306130626514036,2.07128322275482,3,3,-0.2514643643338095,-1.5785599691118932,-0.5368634810663304,-0.6335024995260871,-3.112907207522636,-3.171982172493386,rmse:decrease; pct_det:decrease; entropy:decrease
2024.12.16startup_b,1471,2.246130983237041,2.07128322275482,4,3,-0.2768095514584268,1.4396814012134342,-0.5419439957309979,-0.6973534528686745,2.8390398198777063,-3.2019996769647427,rmse:decrease; pct_det:increase; entropy:decrease
2024.12.16startup_b,610,2.1714598616993412,2.07128322275482,5,3,0.9024354324404751,1.3327264993676522,-0.27296754638099285,2.2734636918694475,2.628125637743134,-1.6127902554854423,pct_det:increase; entropy:increase; rmse:decrease
2024.12.16startup_b,3630,2.1513358498648127,2.07128322275482,6,3,-0.026511692886346472,1.301613637674322,-0.6466171994473902,-0.06678967715629656,2.5667713317256617,-3.8204465407124797,rmse:decrease; pct_det:increase; entropy:decrease
2024.12.16startup_b,275,2.0893368373033816,2.07128322275482,7,3,-0.0182273150677007,-1.5299983389526801,0.5424428706128545,-0.045919228697190784,-3.017144074357216,3.204947208855738,rmse:increase; pct_det:decrease; entropy:decrease
2024.12.16startup_b,3510,2.083744571095131,2.07128322275482,8,3,-0.513941893727708,-1.1746359513554125,-0.4468434265673559,-1.294749954532221,-2.316372384158872,-2.6401113745942997,rmse:decrease; pct_det:decrease; entropy:decrease
2024.12.23startup_a,2698,3.5209894376621933,2.4129567552480293,1,3,-0.4473899765474483,-1.5065120946640747,-0.4904565197293092,-1.1699020007940584,-5.743553298332788,-3.6495130138597345,pct_det:decrease; rmse:decrease; entropy:decrease
2024.12.23startup_a,4149,3.513335452211372,2.4129567552480293,2,3,0.25810206514936906,1.5004275604196096,-0.5570080511482697,0.6749237538970686,5.720356108710219,-4.144726494026827,pct_det:increase; rmse:decrease; entropy:increase
2024.12.23startup_a,3824,3.4663901055738395,2.4129567552480293,3,3,-0.25143673646738196,-0.9664137159751505,0.8140298299251087,-0.6574942588932177,-3.6844368562343455,6.057239201593955,rmse:increase; pct_det:decrease; entropy:decrease
2024.12.23startup_a,1704,3.1865221297035027,2.4129567552480293,4,3,0.5797025625872902,-1.3554879730981213,-0.3864906517526892,1.5158926739262502,-5.167776247076282,-2.875897468107976,pct_det:decrease; rmse:decrease; entropy:increase
2024.12.23startup_a,2010,2.8260574815722364,2.4129567552480293,5,3,0.892396497432349,0.6365876520093536,-0.4996094968554107,2.3335713864322365,2.426980255469859,-3.7176208028146127,rmse:decrease; pct_det:increase; entropy:increase
2024.12.23startup_a,5161,2.7618874803804037,2.4129567552480293,6,3,-0.10087267316932791,-1.3427937460804884,0.39006653824633775,-0.2637769023726129,-5.119379709328493,2.9025058294401043,pct_det:decrease; rmse:increase; entropy:decrease
2024.12.23startup_a,3075,2.4522773082702503,2.4129567552480293,7,3,-0.01997841539906897,-1.1157803462569262,-0.40998156989217066,-0.052242538664892944,-4.253894748443995,-3.0506946377018624,pct_det:decrease; rmse:decrease; entropy:decrease
2024.12.23startup_b,2376,3.025769870450961,1.9561323665279993,1,3,-0.30375300570133157,1.462840628837597,0.6889644952585622,-0.8485383508303089,3.9011377314540865,4.327633529068487,rmse:increase; pct_det:increase; entropy:decrease
2024.12.23startup_b,5279,2.513128813334372,1.9561323665279993,2,3,-1.0569370514013428,-1.0461311520389955,0.2860798953062965,-2.95256871765537,-2.789847115821348,1.7969706065263968,entropy:decrease; pct_det:decrease; rmse:increase
2024.12.23startup_b,745,2.1757160176712436,1.9561323665279993,3,3,0.1731783944415467,-0.9306725115132366,0.566984354142202,0.48377631319098613,-2.4819393026952214,3.561432437127523,rmse:increase; pct_det:decrease; entropy:increase
2024.12.23startup_b,4497,2.0015166889838856,1.9561323665279993,4,3,-0.3159372776646939,-1.0822889900721009,-0.35592631949135645,-0.8825752882228733,-2.886273687149791,-2.235701091578992,pct_det:decrease; rmse:decrease; entropy:decrease
2024.12.23startup_b,3802,1.985512025261096,1.9561323665279993,5,3,-0.841843337721159,0.5546058184448555,-0.3384297569746444,-2.3517013627505436,1.4790358168671018,-2.1257988961656427,entropy:decrease; rmse:decrease; pct_det:increase
2025.01.06startup_a,654,4.302019999337413,2.0470389581394435,1,3,0.004169534631358829,2.9537043629864996,-1.066557392987213,0.01522990267686223,6.708370054340678,-6.182460040994698,pct_det:increase; rmse:decrease; entropy:increase
2025.01.06startup_a,358,3.5597345799909683,2.0470389581394435,2,3,0.4181945772702501,-1.6334858347593837,-0.9387755038510519,1.5275236387092455,-3.709926963377553,-5.441753137886107,rmse:decrease; pct_det:decrease; entropy:increase
2025.01.06startup_a,5130,2.6719323335897607,2.0470389581394435,3,3,0.5039929494383729,-0.9440735713796755,-0.695354646467327,1.8409161329521506,-2.144153272311369,-4.0307275955057635,rmse:decrease; pct_det:decrease; entropy:increase
2025.01.06startup_a,4571,2.6361672651566606,2.0470389581394435,4,3,-0.9914347189237257,1.0883100874386855,-0.3131785057758162,-3.621376392009909,2.471739180094759,-1.815386223365313,entropy:decrease; pct_det:increase; rmse:decrease
2025.01.06startup_a,727,2.449272299377771,2.0470389581394435,5,3,-1.0240004935039235,0.7864527197804705,-0.3142020729809252,-3.7403281747155517,1.7861692390892145,-1.8213194843285465,entropy:decrease; rmse:decrease; pct_det:increase
2025.01.06startup_a,2693,2.3031171607029943,2.0470389581394435,6,3,-0.8188509072544271,1.110180165988723,0.2409936062205807,-2.990985979718563,2.5214098857583442,1.3969556166320758,entropy:decrease; pct_det:increase; rmse:increase
2025.01.06startup_a,5006,2.220796395065148,2.0470389581394435,7,3,0.7430902435357529,-1.2042470992348058,0.20927246972111208,2.7142578464415243,-2.7350520518462336,1.2130792869076854,pct_det:decrease; entropy:increase; rmse:increase
2025.01.06startup_a,3503,2.1085478193711427,2.0470389581394435,8,3,0.34645776546224616,-1.0741073370157892,-0.45210040821909775,1.2654932783022792,-2.4394822938538163,-2.620667885957332,rmse:decrease; pct_det:decrease; entropy:increase
2025.01.06startup_b,5679,3.476091033899445,2.196648850133815,1,3,0.09666424126713957,-1.3491004285206145,0.83173357401635,0.3309132581692476,-3.8298725554108133,6.267487288118272,rmse:increase; pct_det:decrease; entropy:increase
2025.01.06startup_b,455,3.368967758389845,2.196648850133815,2,3,0.5476906773971295,-0.9681480596743626,-0.7277026452939253,1.8749240065469508,-2.748411908361064,-5.483567360261521,rmse:decrease; pct_det:decrease; entropy:increase
2025.01.06startup_b,3358,3.352693436266756,2.196648850133815,3,3,-0.15028258495637936,-1.3897597776410606,-0.7429305181256864,-0.5144663546944721,-3.9452977098509625,-5.598316244254833,rmse:decrease; pct_det:decrease; entropy:decrease
2025.01.06startup_b,3632,3.0978732320513074,2.196648850133815,4,3,0.6753930336680496,0.4981000477375943,0.7388417236443193,2.3120908661379307,1.4140234947304213,5.567505335285571,rmse:increase; entropy:increase; pct_det:increase
2025.01.06startup_b,3435,2.5888478831755375,2.196648850133815,5,3,0.38758698567433303,1.3846231431164995,-0.3329583483068574,1.326836796856869,3.9307156556340166,-2.5089911970357264,pct_det:increase; rmse:decrease; entropy:increase
2025.01.06startup_b,1886,2.5619070084964677,2.196648850133815,6,3,0.31211822627710184,1.0736982293599198,-0.4736527722096483,1.068482593329712,3.0480513492446106,-3.5691870829150805,rmse:decrease; pct_det:increase; entropy:increase
2025.01.06startup_b,2031,2.559056233778762,2.196648850133815,7,3,-0.7622149327455298,0.7943808469600953,-0.373267993854765,-2.6093105735245685,2.2551155866525456,-2.8127425411591727,rmse:decrease; entropy:decrease; pct_det:increase
2025.01.06startup_b,1459,2.4491803765530356,2.196648850133815,8,3,-0.16071162687599738,-0.8925941178252543,0.5657851372947511,-0.5501683702067756,-2.5339267875918785,4.263445971860452,rmse:increase; pct_det:decrease; entropy:decrease
2025.01.13startup_a,4890,4.341090635332598,2.2615999855635107,1,3,0.9656292198157084,-1.4716837424386995,-0.5764846576167105,2.6985668134896903,-6.243793036482662,-4.0809120560254435,pct_det:decrease; rmse:decrease; entropy:increase
2025.01.13startup_a,5188,3.5333282861438433,2.2615999855635107,2,3,0.23108624910355569,1.5211668998330197,-0.49448721069817536,0.6457982733824917,6.453731207743463,-3.500455377305575,pct_det:increase; rmse:decrease; entropy:increase
2025.01.13startup_a,1114,2.8803802418364506,2.2615999855635107,3,3,-0.5150132296367408,-1.082285695841719,-0.36871923027146386,-1.4392663161861428,-4.591725583638968,-2.6101488256842407,pct_det:decrease; rmse:decrease; entropy:decrease
2025.01.13startup_a,3390,2.6923413361178565,2.2615999855635107,4,3,-0.19764732079032965,0.6869882342741676,0.6512320199929761,-0.55234917265835,2.914629162240158,4.610045673455062,rmse:increase; pct_det:increase; entropy:decrease
2025.01.13startup_a,4491,2.5914747077835028,2.2615999855635107,5,3,0.2461822835892964,-0.9289527000138094,-0.4443090305829622,0.6879859545778585,-3.941192140885247,-3.145246027887403,pct_det:decrease; rmse:decrease; entropy:increase
2025.01.13startup_a,4681,2.511939873815232,2.2615999855635107,6,3,0.9014139934312817,0.732403353786097,-0.26972912191339593,2.5191096519978147,3.107308199714423,-1.9094017697334587,pct_det:increase; entropy:increase; rmse:decrease
2025.01.13startup_a,4791,2.4894112808554905,2.2615999855635107,7,3,-0.1341052932428778,0.9924097670165679,-0.4072694371810343,-0.37477334615827057,4.210416283030678,-2.883044213377523,pct_det:increase; rmse:decrease; entropy:decrease
2025.01.13startup_a,167,2.4547979748176663,2.2615999855635107,8,3,0.43274432137987523,0.8452177680591717,-0.3629206920100763,1.2093559727042256,3.5859367487298948,-2.5691012030188785,pct_det:increase; rmse:decrease; entropy:increase
2025.01.13startup_a,3108,2.380939069908918,2.2615999855635107,9,3,0.8184824395196791,-0.95874861714411,-0.11129669376357176,2.287347465659156,-4.067604857509746,-0.787864886557852,pct_det:decrease; entropy:increase; rmse:decrease
2025.01.13startup_a,1482,2.37791514622519,2.2615999855635107,10,3,0.759288807529864,0.8255691972627659,-0.21320169193662353,2.121923752727061,3.5025753539018583,-1.5092463320466505,pct_det:increase; entropy:increase; rmse:decrease
2025.01.13startup_a,4351,2.36494104063819,2.2615999855635107,11,3,0.9360980796682631,-0.31577154080444814,0.44343889418793325,2.616038496066137,-1.3396982590343036,3.1390863668141304,rmse:increase; entropy:increase; pct_det:decrease
2025.01.13startup_a,1744,2.2908310862140913,2.2615999855635107,12,3,0.615196461831421,-0.5140359780880317,-0.4198913440020173,1.7192403891748338,-2.180858677672927,-2.9723941917945136,rmse:decrease; pct_det:decrease; entropy:increase
2025.01.13startup_b,2342,3.1484497079922833,2.097426967987062,1,3,-1.1833626384651783,0.628779706764135,0.42302074234671305,-3.6399051991254834,2.3891061422296453,3.4163377826217225,entropy:decrease; rmse:increase; pct_det:increase
2025.01.13startup_b,4610,2.9344853465958978,2.097426967987062,2,3,-0.43635274781864664,1.2296994224401203,-0.3453324329784149,-1.3421774389444863,4.672355694122272,-2.7889229067209347,pct_det:increase; rmse:decrease; entropy:decrease
2025.01.13startup_b,320,2.894769278552827,2.097426967987062,3,3,-0.5529059470733099,0.9115611295616617,-0.4358644599149266,-1.7006834303893401,3.4635600834848383,-3.5200643217843033,rmse:decrease; pct_det:increase; entropy:decrease
2025.01.13startup_b,3937,2.4269148150722004,2.097426967987062,4,3,0.3735801720556735,-0.8286163359409926,-0.36939400630088215,1.149095270000492,-3.1484037357634493,-2.9832454394526597,pct_det:decrease; rmse:decrease; entropy:increase
2025.01.13startup_b,1011,2.390307459125879,2.097426967987062,5,3,0.029842463724737422,-0.6548690984044185,0.5684577564348615,0.09179243567066678,-2.488235177636345,4.590894764070625,rmse:increase; pct_det:decrease; entropy:increase
2025.01.13startup_b,4795,2.3735621522076165,2.097426967987062,6,3,0.48946196909233886,0.8742505113871175,-0.2839698420351576,1.5055360953292647,3.3217949691017403,-2.2933553921918444,pct_det:increase; rmse:decrease; entropy:increase
2025.01.13startup_b,3194,2.3441631396036,2.097426967987062,7,3,0.38327231513128845,0.7290801914423639,-0.38179234261304784,1.1789073333738591,2.770207029290009,-3.083375056146931,rmse:decrease; pct_det:increase; entropy:increase
2025.01.13startup_b,2898,2.2563103743079402,2.097426967987062,8,3,-0.48012093520504556,-0.44346475836462673,-0.44664668114988065,-1.4768040087259013,-1.684985006153744,-3.607142108044176,rmse:decrease; pct_det:decrease; entropy:decrease
2025.01.13startup_b,4286,2.1417461402058464,2.097426967987062,9,3,0.11480297130837902,-0.8374979231222,0.3578438556591202,0.3531224652169199,-3.1821501405203225,2.8899658148802962,pct_det:decrease; rmse:increase; entropy:increase
2025.01.13startup_b,1875,2.13671135053663,2.097426967987062,10,3,0.4991922962452766,0.9892071236899227,-0.1381968810303179,1.5354656091079881,3.758583156742101,-1.1160852857598007,pct_det:increase; entropy:increase; rmse:decrease
2025.02.10startup_b,2846,4.121987214895609,2.316219019089773,1,3,-0.3156829121154622,-1.6145813016710946,-0.6614052354056758,-1.0735277433837247,-5.635271147711597,-5.657162753591504,rmse:decrease; pct_det:decrease; entropy:decrease
2025.02.10startup_b,2184,3.8298184642264395,2.316219019089773,2,3,-0.07285192123770579,1.5176460933173814,-0.6950303921207636,-0.24774403556844432,5.296944311975474,-5.944767045135399,rmse:decrease; pct_det:increase; entropy:decrease
2025.02.10startup_b,840,3.695635771985876,2.316219019089773,3,3,-0.4312783280132497,1.1035951600022003,-0.6744188352135501,-1.4666275318476212,3.8518084889734734,-5.768471295136533,rmse:decrease; pct_det:increase; entropy:decrease
2025.02.10startup_b,3139,3.5822921171325963,2.316219019089773,4,3,-0.587648719092118,1.51941919168749,-0.4028124563965765,-1.9983888233980796,5.303132845235946,-3.4453546827637638,pct_det:increase; rmse:decrease; entropy:decrease
2025.02.10startup_b,335,3.3131721795967657,2.316219019089773,5,3,-0.0981219588275084,1.4386131016419625,-0.5360229997790478,-0.33367864079370435,5.021100452490134,-4.58473744550646,pct_det:increase; rmse:decrease; entropy:decrease
2025.02.10startup_b,2951,2.6194275624858947,2.316219019089773,6,3,0.445332273545457,1.093688470200064,-0.2954001678427396,1.514420110583432,3.8172317952179307,-2.526630781656321,pct_det:increase; rmse:decrease; entropy:increase
2025.02.10startup_b,2652,2.4894544230540676,2.316219019089773,7,3,-0.9854262981156392,-0.8140114042413273,-0.14920399442396404,-3.3510919643953847,-2.8410925950161934,-1.2761787097506254,entropy:decrease; pct_det:decrease; rmse:decrease
2025.02.10startup_b,4814,2.361770048202225,2.316219019089773,8,3,0.1521078137396108,-0.7543533706282091,0.46007933403027595,0.5172657491679236,-2.6328719280226776,3.9351724674160726,rmse:increase; pct_det:decrease; entropy:increase
2025.02.24startup_a,4964,2.47855379805182,2.278858443318205,1,3,-0.019855815241730967,-0.7218602013996787,0.477631487636098,-0.05987400701275358,-2.827255461291352,4.548531925851354,rmse:increase; pct_det:decrease; entropy:decrease
2025.02.24startup_a,513,2.461630251226501,2.278858443318205,2,3,0.24386636951515062,-1.1080344016489931,-0.24254411884806937,0.7353642517703036,-4.339754854591718,-2.30977164731748,pct_det:decrease; rmse:decrease; entropy:increase
2025.02.24startup_a,795,2.443313394351343,2.278858443318205,3,3,-0.2922091421190435,0.6906256285017491,0.3931367175729232,-0.8811389515579061,2.7049213630330664,3.743879868463056,rmse:increase; pct_det:increase; entropy:decrease
2025.02.24startup_a,1771,2.386739468666501,2.278858443318205,4,3,0.9866169392323001,0.5624083900934238,-0.2081667201990826,2.9750835621366525,2.20274256605999,-1.9823922778028609,entropy:increase; pct_det:increase; rmse:decrease
2025.02.24startup_a,3925,2.3228539565525916,2.278858443318205,5,3,0.11518988866502211,0.832516944699961,-0.3528848504292236,0.34734812536091014,3.2606563901939514,-3.3605573541029123,rmse:decrease; pct_det:increase; entropy:increase
2025.02.24startup_a,178,2.301472688262074,2.278858443318205,6,3,-1.0645247713582269,-0.3370279886879217,-0.2493301852156718,-3.210009906397374,-1.3200121294654752,-2.3743960289233734,entropy:decrease; rmse:decrease; pct_det:decrease
2025.02.24startup_b,158,4.818508263083969,2.235481036902117,1,3,-0.9306145079332497,1.6756248526773732,-0.5047405022482048,-3.225874424634897,7.071099351994079,-4.158551012622931,pct_det:increase; rmse:decrease; entropy:decrease
2025.02.24startup_b,2327,3.9670796058654942,2.235481036902117,2,3,-0.7769722293442958,1.2843865151041456,-0.4597489789745326,-2.693290102321402,5.4200823293777685,-3.7878663858973116,pct_det:increase; rmse:decrease; entropy:decrease
2025.02.24startup_b,2020,3.8023901107368787,2.235481036902117,3,3,-0.6331301746546372,-1.2981915903761347,-0.45322964849325176,-2.194677194984709,-5.478339437855252,-3.734153699370677,pct_det:decrease; rmse:decrease; entropy:decrease
2025.02.24startup_b,4317,2.4144903658204346,2.235481036902117,4,3,0.6792677394160845,0.7721105847357705,0.19790945515798603,2.3546080674459886,3.258289375852369,1.630573654162945,pct_det:increase; entropy:increase; rmse:increase
2025.02.24startup_b,3916,2.343998966272751,2.235481036902117,5,3,-0.653124278282708,0.7395421558070012,-0.1999227265655708,-2.263984590246077,3.1208513351562592,-1.6471609734159172,pct_det:increase; entropy:decrease; rmse:decrease
2025.02.24startup_b,886,2.2934061631334526,2.235481036902117,6,3,-0.052856261992246245,0.849616315425564,-0.37767212470878536,-0.1832205089100317,3.5853618235907345,-3.1116361568995914,pct_det:increase; rmse:decrease; entropy:decrease
2025.02.24startup_b,2414,2.286826769259289,2.235481036902117,7,3,0.6179492822561836,0.6157740391087714,-0.25729778238956524,2.1420542752753824,2.598552654527363,-2.1198733779751215,pct_det:increase; entropy:increase; rmse:decrease
2025.03.02startup_a,2163,3.728535626933638,2.5332286790455267,1,3,-0.060661362534877306,1.005456598036531,-0.44930811851382135,-0.18252499125941346,7.022576949341798,-3.9805049401997024,pct_det:increase; rmse:decrease; entropy:decrease
2025.03.02startup_a,5013,3.624331720673544,2.5332286790455267,2,3,0.5386963480417115,-1.0846254958247954,-0.18924684309158446,1.6208924776666365,-7.57552938686955,-1.6765732974844463,pct_det:decrease; rmse:decrease; entropy:increase
2025.03.02startup_a,1859,3.461859902536087,2.5332286790455267,3,3,0.5117829535780133,-0.9095988155798125,-0.2813582821366036,1.5399123136219648,-6.353061572138897,-2.492605821847399,pct_det:decrease; rmse:decrease; entropy:increase
2025.03.02startup_a,5107,3.449986090967195,2.5332286790455267,4,3,-0.27168514965714186,-1.3234985039103435,0.032570773116864626,-0.8174780040255579,-9.243929677520942,0.288550591355084,pct_det:decrease; entropy:decrease; rmse:increase
2025.03.02startup_a,4785,3.286317924079855,2.5332286790455267,5,3,0.405087520558294,-0.8376011305190758,-0.3149140779391132,1.218874635509366,-5.850196222703765,-2.789882914026434,pct_det:decrease; rmse:decrease; entropy:increase
2025.03.02startup_a,907,2.9421560588030835,2.5332286790455267,6,3,-0.35047192052376097,0.7966263102067472,-0.2492235651140492,-1.054540840448313,5.56400900269775,-2.207918333263187,pct_det:increase; rmse:decrease; entropy:decrease
2025.03.02startup_a,155,2.7992419363564296,2.5332286790455267,7,3,-0.3886495877581423,0.8396732479606186,-0.15392412280839213,-1.169414263778588,5.864668855545127,-1.3636426897455742,pct_det:increase; rmse:decrease; entropy:decrease
2025.03.02startup_a,4389,2.7715046241189114,2.5332286790455267,8,3,0.5957512988637279,-0.698145374207428,-0.1857704745427633,1.792566076229598,-4.876172300000716,-1.6457754961264195,pct_det:decrease; entropy:increase; rmse:decrease
2025.03.02startup_a,237,2.7666020720615414,2.5332286790455267,9,3,-0.25060831357490965,0.6225869835470661,-0.3609032176023207,-0.7540595583967828,4.348437325048032,-3.19730933273981,pct_det:increase; rmse:decrease; entropy:decrease
2025.03.02startup_a,1088,2.6224961537456255,2.5332286790455267,10,3,0.0,0.8672979190971546,-0.204293679212185,0.0,6.057612418833114,-1.8098760424037625,pct_det:increase; rmse:decrease; entropy:decrease
2025.03.02startup_a,591,2.568759840547957,2.5332286790455267,11,3,0.1718038959475079,-0.7948055965185006,0.18489772076198646,0.5169436243395037,-5.551292290705009,1.638043606599359,pct_det:decrease; rmse:increase; entropy:increase
2025.03.17startup_a,332,4.028885150566443,2.307322692743147,1,3,-0.6584642400994288,1.3979227271439214,0.3695898355518392,-1.9569153812719184,7.343128144939791,2.78661192548762,pct_det:increase; rmse:increase; entropy:decrease
2025.03.17startup_a,3238,3.2038862382152495,2.307322692743147,2,3,0.16307532155849214,-1.1110654855862379,-0.4364484977493999,0.48464986498809587,-5.836299875278821,-3.290708974378833,pct_det:decrease; rmse:decrease; entropy:increase
2025.03.17startup_a,4425,3.1287642652958745,2.307322692743147,3,3,0.4666567254136764,-0.8934708104896316,-0.4384921592830219,1.3868751985652465,-4.69329994268926,-3.306117654633116,pct_det:decrease; rmse:decrease; entropy:increase
2025.03.17startup_a,549,2.873703593086228,2.307322692743147,4,3,0.6791283931494689,0.6271812425598426,0.4387778238510185,2.0183279781632457,3.2945113093832257,3.3082714917122122,rmse:increase; pct_det:increase; entropy:increase
2025.03.17startup_a,4045,2.688887128479196,2.307322692743147,5,3,-0.5380602871232718,0.7596110132876817,-0.32858279555483094,-1.5990822094820525,3.9901497433089093,-2.477429432646625,pct_det:increase; rmse:decrease; entropy:decrease
2025.03.17startup_a,5106,2.6396853217394383,2.307322692743147,6,3,-0.13180672930568127,-0.9386215644609166,0.3444233009856824,-0.39172152445891883,-4.930471687460286,2.5968627532991104,pct_det:decrease; rmse:increase; entropy:decrease
2025.03.17startup_a,909,2.590827787483159,2.307322692743147,7,3,-0.600114175512336,-0.3930442685914528,0.5204905337745733,-1.7835025640907614,-2.0646165734767608,3.9243642248819555,rmse:increase; pct_det:decrease; entropy:decrease
2025.03.17startup_a,3584,2.526970634856142,2.307322692743147,8,3,-0.306382768855438,-0.9026168314697713,0.2558467116002982,-0.9105508187344397,-4.741342944472834,1.9290181413611522,pct_det:decrease; rmse:increase; entropy:decrease
2025.03.17startup_a,4217,2.4770317510146103,2.307322692743147,9,3,0.5071830206334902,-0.5764088839046906,0.3840938526881724,1.5073168651463273,-3.027809918393364,2.8959684695041394,pct_det:decrease; rmse:increase; entropy:increase
2025.03.17startup_a,3911,2.3202856254340194,2.307322692743147,10,3,-0.6123954763726461,0.7169979117652474,-0.1823069120408402,-1.8200018378431824,3.7663079965108777,-1.3745470419479988,pct_det:increase; entropy:decrease; rmse:decrease
2025.03.17startup_b,4618,3.1015427002760716,2.0405343708125656,1,3,0.7778066508333078,1.6542993506860455,-0.43893625829282923,2.680369638327862,3.826542876469352,-2.7977155860309995,pct_det:increase; rmse:decrease; entropy:increase
2025.03.17startup_b,4553,3.058086979912901,2.0405343708125656,2,3,-1.098208352491454,0.552624502974453,-0.645056708415886,-3.7844936417328237,1.2782700750878961,-4.111497222917984,rmse:decrease; entropy:decrease; pct_det:increase
2025.03.17startup_b,3679,2.824522863162363,2.0405343708125656,3,3,0.7386850720124267,1.110285588506187,-0.527125998166611,2.545554267486539,2.5681902176791866,-3.3598241043213637,rmse:decrease; pct_det:increase; entropy:increase
2025.03.17startup_b,3372,2.7061516426208887,2.0405343708125656,4,3,0.6430687071296708,-1.0427278880633963,-0.5476243103385934,2.216054383312956,-2.4119231930486054,-3.490477351501106,rmse:decrease; pct_det:decrease; entropy:increase
2025.03.17startup_b,3309,2.6731880551629508,2.0405343708125656,5,3,-0.6703689734007114,-1.3523772964490206,-0.4049765420786915,-2.310132782813355,-3.1281700666084493,-2.581261316067048,pct_det:decrease; rmse:decrease; entropy:decrease
2025.03.17startup_b,4256,2.636408345263581,2.0405343708125656,6,3,-0.1606025637128583,-1.5325280833647668,-0.5978963049530803,-0.5534463290489613,-3.5448750058184646,-3.810903700923318,rmse:decrease; pct_det:decrease; entropy:decrease
2025.03.17startup_b,6182,2.2875727126334167,2.0405343708125656,7,3,-0.2562527916365467,-1.4392987876909302,0.41582816154619995,-0.883062907347851,-3.3292272773157423,2.650427953236657,pct_det:decrease; rmse:increase; entropy:decrease
2025.03.17startup_b,2227,2.0996564270099873,2.0405343708125656,8,3,-0.7749149734740426,0.6627590897571736,-0.3287717778748339,-2.670404739995724,1.53302125922609,-2.0955432818081485,entropy:decrease; rmse:decrease; pct_det:increase
2025.03.24startup_b,4744,2.94370600689912,1.9508748280239918,1,3,-0.5826399300316863,1.7639059710332674,-0.5046905389008982,-1.5931076387975116,4.159713926384247,-3.078296455515601,pct_det:increase; rmse:decrease; entropy:decrease
2025.03.24startup_b,3779,2.4987251493930924,1.9508748280239918,2,3,-0.7845668825679559,-0.9239539854618357,0.5200591180655535,-2.14523486864106,-2.178905408666673,3.172035170871545,rmse:increase; pct_det:decrease; entropy:decrease
2025.03.24startup_b,2894,2.3604865111602558,1.9508748280239918,3,3,-0.9161816817341915,0.7729669803559602,-0.4514413291231,-2.505108147355629,1.822841787274173,-2.753509598850967,rmse:decrease; entropy:decrease; pct_det:increase
2025.03.24startup_b,164,2.1839746637266377,1.9508748280239918,4,3,0.6906896037257605,1.2324133167760323,-0.2880706035400433,1.8885469859123698,2.9063265962253357,-1.7570504090422074,pct_det:increase; entropy:increase; rmse:decrease
2025.03.24startup_b,2011,2.1168900936989967,1.9508748280239918,5,3,-0.6817361873781367,0.735484359291263,-0.4512193695801686,-1.864065732154224,1.7344487644029645,-2.752155784539802,rmse:decrease; entropy:decrease; pct_det:increase
2025.03.24startup_b,4486,1.99645000948422,1.9508748280239918,6,3,-0.5032263661026269,-1.074899636537367,-0.34077442636465527,-1.3759677745375412,-2.534871507323404,-2.0785107465917143,pct_det:decrease; rmse:decrease; entropy:decrease
2025.03.24startup_b,836,1.970419590660707,1.9508748280239918,7,3,0.6064501211263985,-0.9459670174605606,-0.33154707792714666,1.6582116513428782,-2.230817425106755,-2.0222296955324874,pct_det:decrease; rmse:decrease; entropy:increase
2025.03.25startup_a,3638,3.8206253783378137,2.40127221621058,1,3,0.3416783080901149,1.2963532802033058,-0.5524880008089033,0.9427235829983323,6.348120628202566,-4.171031923812543,pct_det:increase; rmse:decrease; entropy:increase
2025.03.25startup_a,293,3.2566125759414226,2.40127221621058,2,3,0.43063585029424356,-1.3725721089825953,-0.24641419514309115,1.188166067744199,-6.721357095930998,-1.860314564149072,pct_det:decrease; rmse:decrease; entropy:increase
2025.03.25startup_a,1749,2.8680330404675254,2.40127221621058,3,3,0.8325820352866007,-0.8803215922453802,0.2643964203442213,2.2971745670152948,-4.310852407692914,1.9960721466943678,pct_det:decrease; entropy:increase; rmse:increase
2025.03.25startup_a,3509,2.8667766734396203,2.40127221621058,4,3,-0.4942341847209031,-1.0621961126158794,0.26958122826117936,-1.3636400392660135,-5.201474903998354,2.035215077054494,pct_det:decrease; rmse:increase; entropy:decrease
2025.03.25startup_a,1291,2.797339417248267,2.40127221621058,5,3,0.6783875036466571,-0.5865509379479334,0.4832075695058796,1.8717369026844966,-2.872285021020572,3.647996328039733,rmse:increase; pct_det:decrease; entropy:increase
2025.03.25startup_a,1098,2.774700839183126,2.40127221621058,6,3,0.6123940093116709,-0.8544794295892615,-0.32454180407116184,1.6896544527279425,-4.1843057569150135,-2.4501423079064226,pct_det:decrease; rmse:decrease; entropy:increase
2025.03.25startup_a,3801,2.739026200858893,2.40127221621058,7,3,0.1263056632042736,0.7894155543185946,0.5302168586850573,0.34848957206118375,3.865694052016373,4.002894978499122,rmse:increase; pct_det:increase; entropy:increase
2025.03.25startup_a,4576,2.575694791504748,2.40127221621058,8,3,0.27062233375467093,-0.7310661651759887,-0.4504178006348992,0.7466732598350596,-3.5799625569712075,-3.400448557707976,pct_det:decrease; rmse:decrease; entropy:increase
2025.03.25startup_a,527,2.4403101903063322,2.40127221621058,9,3,0.5469139507952979,0.6038081655660932,-0.3781884409337651,1.508988621980458,2.9567920487740302,-2.8551499001645078,pct_det:increase; rmse:decrease; entropy:increase
2025.03.31startup_a,928,3.3194502299042257,2.3052994656771286,1,3,-0.030134707346305967,1.1061229371093333,-0.6653484445627688,-0.10411758433969485,4.361434920304148,-5.492798185068836,rmse:decrease; pct_det:increase; entropy:decrease
2025.03.31startup_a,4960,3.034710099895939,2.3052994656771286,2,3,-0.5420388713977187,-0.9267119508235169,0.4333255532718965,-1.872783341135155,-3.6540186698843953,3.5773282886682662,pct_det:decrease; rmse:increase; entropy:decrease
2025.03.31startup_a,4745,2.8211971838546233,2.3052994656771286,3,3,0.20800075218658542,1.2799169002307167,-0.32683953201253857,0.7186575800996297,5.046703288101072,-2.6982306833631666,pct_det:increase; rmse:decrease; entropy:increase
2025.03.31startup_a,2122,2.775415349230968,2.3052994656771286,4,3,0.6083771118072654,-0.930111913105236,-0.3097120764279334,2.101986739774917,-3.6674246971221622,-2.5568346107958235,pct_det:decrease; rmse:decrease; entropy:increase
2025.03.31startup_a,4501,2.728985204330423,2.3052994656771286,5,3,-0.8210940741989575,-0.6247562447263135,-0.34965775314108927,-2.8369391658191554,-2.4634094556870174,-2.8866069914850963,rmse:decrease; entropy:decrease; pct_det:decrease
2025.03.31startup_a,1761,2.6977721258331164,2.3052994656771286,6,3,0.7491791453298485,0.5298613306676572,0.413736323861919,2.5884679068895258,2.089239480497564,3.415608990112259,rmse:increase; entropy:increase; pct_det:increase
2025.03.31startup_a,1870,2.6820675377617693,2.3052994656771286,7,3,-0.9098527090844709,-0.378100168074738,0.41326884175543827,-3.1436066422066924,-1.4908462894039334,3.4117496816746824,rmse:increase; entropy:decrease; pct_det:decrease
2025.03.31startup_a,493,2.4661995179514786,2.3052994656771286,8,3,-0.007113665386841217,0.7863358005957934,-0.517654031214592,-0.024578226274681286,3.1005165020502807,-4.273503825529474,rmse:decrease; pct_det:increase; entropy:decrease
2025.03.31startup_b,2383,3.37508907866551,2.2630040822599757,1,3,0.12295019219213654,1.1034129704874545,-0.4064473380756507,0.3711193741950099,6.263862769904172,-3.490285091897348,pct_det:increase; rmse:decrease; entropy:increase
2025.03.31startup_b,2128,3.159941066525342,2.2630040822599757,2,3,-0.434230416609119,0.9990878172369122,-0.29083532871893525,-1.3107040956599767,5.671628981749651,-2.4974901221663988,pct_det:increase; rmse:decrease; entropy:decrease
2025.03.31startup_b,4708,3.1069156846247723,2.2630040822599757,3,3,-0.6371352947980335,0.7454663136715283,-0.3686508749474887,-1.9231629301846838,4.2318685871183375,-3.165715536571296,pct_det:increase; rmse:decrease; entropy:decrease
2025.03.31startup_b,1042,3.002465078506099,2.2630040822599757,4,3,-0.7772306024221562,-0.8179030940256666,0.23503115714759387,-2.346034029173068,-4.643078228266172,2.0182829780790574,pct_det:decrease; entropy:decrease; rmse:increase
2025.03.31startup_b,6159,2.912301416870837,2.2630040822599757,5,3,0.46049000275295593,-0.7122340535540701,0.384721799014102,1.3899674217480835,-4.043215451368485,3.3037213774959433,pct_det:decrease; rmse:increase; entropy:increase
2025.03.31startup_b,3495,2.7052326401327225,2.2630040822599757,6,3,0.9333389422743605,0.311674547224257,0.41097225070128063,2.817239713032725,1.7693163347738265,3.5291418725916155,rmse:increase; entropy:increase; pct_det:increase
2025.03.31startup_b,1502,2.6022053549734934,2.2630040822599757,7,3,-0.20551628666665744,-0.7076223022436352,0.36906123119928896,-0.6203412482301934,-4.017035428013559,3.1692393886767283,pct_det:decrease; rmse:increase; entropy:decrease
2025.03.31startup_b,5552,2.590496097742071,2.2630040822599757,8,3,0.010415632844045675,0.8736102446186038,-0.32381916512246683,0.03143909801203582,4.95931698560323,-2.780732209610947,pct_det:increase; rmse:decrease; entropy:increase
2025.03.31startup_b,268,2.474575338013224,2.2630040822599757,9,3,-0.345070891611311,0.6993939147851052,-0.28085910437397393,-1.0415802616036436,3.970324458289265,-2.4118212941467623,pct_det:increase; rmse:decrease; entropy:decrease
2025.03.31startup_b,4482,2.3832715992300555,2.2630040822599757,10,3,0.11104295502873018,-0.6259273015110551,0.3797897279030921,0.3351779386780221,-3.5532686541373764,3.261368204874768,pct_det:decrease; rmse:increase; entropy:increase
2025.03.31startup_b,3218,2.375245992116092,2.2630040822599757,11,3,-0.5671481175216663,-0.5631193732725706,-0.25818452654144614,-1.7119099262699669,-3.1967201506572556,-2.2171078994210536,pct_det:decrease; rmse:decrease; entropy:decrease
2025.03.31startup_b,1798,2.2862107704923447,2.2630040822599757,12,3,0.47175346935370355,-0.7101033588874515,0.1634444809213581,1.4239656660908298,-4.031119908400226,1.4035467369859793,pct_det:decrease; entropy:increase; rmse:increase
2025.03.31startup_b,5636,2.265392317880773,2.2630040822599757,13,3,-0.3073238142674043,-0.5563970520368002,-0.31557948900108873,-0.9276424834530435,-3.1585588286116426,-2.709975641577634,pct_det:decrease; rmse:decrease; entropy:decrease
2025.04.07startup_a,707,3.2155558930036876,2.2075738953583697,1,3,-1.0539135096845986,0.9118891724343996,-0.29399955489465884,-4.646328464027657,2.922475643583969,-2.0778635713994364,entropy:decrease; pct_det:increase; rmse:decrease
2025.04.07startup_a,409,3.1319509426850463,2.2075738953583697,2,3,0.9927849925007701,-1.0079793753732247,-0.2530694514284236,4.376834651921553,-3.230431134409757,-1.7885870417238294,entropy:increase; pct_det:decrease; rmse:decrease
2025.04.07startup_a,2513,2.7837379725045444,2.2075738953583697,3,3,0.5850853257052063,-1.1013849726868017,-0.3172232456693188,2.5794323516381805,-3.5297828444367543,-2.2419987214386987,pct_det:decrease; entropy:increase; rmse:decrease
2025.04.07startup_a,327,2.6825443877397834,2.2075738953583697,4,3,-0.6069737335724548,-0.7271327205727829,-0.43032380109185464,-2.6759305287383857,-2.330357383073082,-3.0413452514078827,rmse:decrease; entropy:decrease; pct_det:decrease
2025.04.07startup_a,1920,2.5551629085059755,2.2075738953583697,5,3,-0.39801004955504715,1.0437523740522892,-0.36302782372816905,-1.7546842366316222,3.345078528520633,-2.5657259603656715,pct_det:increase; rmse:decrease; entropy:decrease
2025.04.07startup_a,1655,2.52624746128525,2.2075738953583697,6,3,0.44984160665000017,-1.215482479628463,-0.24054960742253395,1.9831910703064521,-3.8954491941538802,-1.7001021193954173,pct_det:decrease; entropy:increase; rmse:decrease
2025.04.07startup_a,3854,2.519445354929171,2.2075738953583697,7,3,-0.05913035692199353,1.1522516939715217,-0.5100545128481637,-0.2606846367658705,3.6928034817217776,-3.6048479462998646,pct_det:increase; rmse:decrease; entropy:decrease
2025.04.07startup_a,3050,2.4614331371425173,2.2075738953583697,8,3,-0.32997964558279314,-1.0644885691431512,0.35627527808562465,-1.4547624693414585,-3.411535096846659,2.518001845239435,pct_det:decrease; rmse:increase; entropy:decrease
2025.04.07startup_b,1465,3.8960766997115512,1.9924820652340587,1,3,0.7332394778877589,-1.6885823940285292,-1.1035293691961634,2.1244010089445236,-3.4214886562979663,-6.142340433892165,rmse:decrease; pct_det:decrease; entropy:increase
2025.04.07startup_b,2689,3.3918771437110196,1.9924820652340587,2,3,-0.4980698004041477,2.0874920988861447,-0.808971193863984,-1.443048306061527,4.229779110399694,-4.502804014671838,rmse:decrease; pct_det:increase; entropy:decrease
2025.04.07startup_b,2768,2.5507078430446994,1.9924820652340587,3,3,0.342129469685603,1.5929453372740596,0.6168020902787474,0.9912453059449265,3.2277041504519257,3.4331740727372457,rmse:increase; pct_det:increase; entropy:increase
2025.04.07startup_b,2505,2.2185629689140076,1.9924820652340587,4,3,0.362709687819073,-1.4012174667465587,-0.4968663308986676,1.0508719865663627,-2.8392157139824605,-2.765601206193199,pct_det:decrease; rmse:decrease; entropy:increase
2025.04.07startup_b,5344,2.1448654279930417,1.9924820652340587,5,3,-0.607984238007286,0.9943442011195032,-0.47758970578787796,-1.7615013479167287,2.0147891015666737,-2.6583058344957227,rmse:decrease; pct_det:increase; entropy:decrease
2025.04.07startup_b,2343,2.1391778770492924,1.9924820652340587,6,3,-0.8191096708775332,-1.0617040906009692,0.3401070648021079,-2.373191111124022,-2.1512770209985916,1.8930654990252642,entropy:decrease; pct_det:decrease; rmse:increase
2025.04.07startup_b,5695,1.997679236410005,1.9924820652340587,7,3,0.5434244881362478,-0.8052297620275226,0.5007086677688142,1.5744535935345867,-1.6315961283463027,2.786987987349126,rmse:increase; pct_det:decrease; entropy:increase
2025.04.14startup_a,596,3.148708626532424,2.160368022745739,1,3,-0.18243538665496378,-1.1083447973162777,0.7589439052351973,-0.5358414014277098,-3.6757830816653576,5.2345013965042035,rmse:increase; pct_det:decrease; entropy:decrease
2025.04.14startup_a,923,3.1035457633526726,2.160368022745739,2,3,-0.0946439767384486,1.400455642833279,-0.6362245635047048,-0.2779842335529811,4.6445575158687555,-4.388095540636282,pct_det:increase; rmse:decrease; entropy:decrease
2025.04.14startup_a,1502,2.459700490873804,2.160368022745739,3,3,0.9632749720534362,0.7894247862699046,-0.28007689246546263,2.829289977396538,2.618097076509451,-1.9317144187154225,entropy:increase; pct_det:increase; rmse:decrease
2025.04.14startup_a,5683,2.4288525312623244,2.160368022745739,4,3,-0.45531131405295877,1.0180268477070769,0.373054597705649,-1.3373208842945237,3.3762470600698435,2.572989649422606,pct_det:increase; rmse:increase; entropy:decrease
2025.04.14startup_a,5510,2.3473211725369447,2.160368022745739,5,3,0.30742881499633334,-1.2383919583698173,-0.294605179183882,0.9029667439379598,-4.107079511780508,-2.0319172618923664,pct_det:decrease; rmse:decrease; entropy:increase
2025.04.14startup_a,3152,2.2307580398401856,2.160368022745739,6,3,-0.6725492847918493,0.8712392023060005,-0.2649611322500182,-1.9753829446128621,2.889431454610921,-1.8274597202967744,pct_det:increase; entropy:decrease; rmse:decrease
2025.04.14startup_a,4457,2.1685608060954635,2.160368022745739,7,3,0.5808935494971972,0.7591168985696441,-0.33085344149825446,1.7061756458004895,2.517582127443614,-2.281924645042287,pct_det:increase; rmse:decrease; entropy:increase
2025.04.14startup_b,1447,2.898127755734697,2.1091788867084396,1,3,0.18498885663741427,-1.0243255913679405,-0.7311759872921861,0.5508341108463466,-3.1997782446403433,-4.943770911717403,rmse:decrease; pct_det:decrease; entropy:increase
2025.04.14startup_b,3976,2.595352144132823,2.1091788867084396,2,3,0.47427156449718666,-0.881488295964914,0.5354296057572887,1.4122199589652276,-2.7535845009660256,3.6202519724672158,rmse:increase; pct_det:decrease; entropy:increase
2025.04.14startup_b,1742,2.5490748615515897,2.1091788867084396,3,3,-0.478178220393523,1.044458154150277,-0.43788345966982317,-1.42385265601605,3.2626681469747627,-2.9607037816639563,pct_det:increase; rmse:decrease; entropy:decrease
2025.04.14startup_b,3557,2.4481150844174517,2.1091788867084396,4,3,0.09226505401799268,-1.2946401882531404,-0.4474559022294171,0.2747340565048509,-4.044184333496221,-3.025426863251283,pct_det:decrease; rmse:decrease; entropy:increase
2025.04.14startup_b,1031,2.2695968253575614,2.1091788867084396,5,3,0.7611714707567236,-0.5906194400670302,0.3989277279060627,2.266510631598152,-1.8449712192236976,2.6973086252508334,rmse:increase; entropy:increase; pct_det:decrease
