meeting_id,quality_label,meeting_duration_seconds,valid_rmse_seconds,valid_entropy_seconds,valid_pct_det_seconds,rmse_ucl,rmse_lcl,rmse_mean,rmse_sd,entropy_ucl,entropy_lcl,entropy_mean,entropy_sd,pct_det_ucl,pct_det_lcl,pct_det_mean,pct_det_sd,t_crit
2024.10.14startup_a,include,5486,5186,5186,5186,0.622381068773477,-0.002831340197906873,0.30977486428778506,0.19001712191527134,1.6478777276057046,0.24824367738491748,0.948060702495311,0.425382526228364,100.10397216800796,95.99012770600321,98.04704993700558,1.2502964967750634,1.6451475600450525
2024.10.14startup_b,include_with_caution,6045,5745,5745,5745,1.1272950038495186,-0.018213788661932573,0.554540607593793,0.3481537892472924,2.099368264012286,0.3546547668332012,1.2270115154227437,0.530269709988037,100.0184248644288,88.45276702295257,94.23559594369068,3.5151433397726226,1.6451189501456212
2024.10.25startup_a,include,5258,4958,4958,4958,0.6619235739182496,-0.004369873108713562,0.32877685040476806,0.20250097520356572,1.773717805244465,0.08654174645851032,0.9301297758514877,0.512769259203653,100.45667025148093,94.77321108695496,97.61494066921794,1.7273260430243658,1.6451610822050768
2024.10.28startup_b,include,5422,5122,5122,5122,0.7104349878598394,-0.05436109005342782,0.3280369489032058,0.23243944448177686,1.776800254765599,0.1831393900195396,0.9799698223925692,0.48435087050215136,100.43493191569166,94.89429129773023,97.66461160671095,1.6839304809538735,1.6451512341598864
2024.11.04startup_a,include,5258,4958,4958,4958,0.6058451939497518,-0.047215268036797875,0.27931496295647695,0.19847918512369195,1.5589082730299877,0.04983331113236111,0.8043707920811745,0.45864048761564175,99.59203461477995,96.78205992954551,98.18704727216273,0.8540120221747874,1.6451610822050768
2024.11.04startup_b,include,5070,4770,4770,4770,0.6647822197483404,-0.004128120582475137,0.33032704958293263,0.20329480761039928,1.7718691226689578,0.3394994248484835,1.0556842737587206,0.4353248927223443,100.24280680304,94.82148274593604,97.53214477448802,1.647645378956934,1.645173204848244
2024.11.11startup_a,include,5260,4960,4960,4960,0.5926885275266295,-0.02686665107895303,0.2829109382238382,0.1882962197479745,1.6799914086725884,0.1934172453120261,0.9367043269923072,0.45180204282337283,100.3593955387863,96.07766733512516,98.21853143695573,1.3013098148130229,1.6451609581828768
2024.11.11startup_b,include,5558,5258,5258,5258,0.9536251879439583,-0.04844943533402707,0.4525878763049656,0.3045553785435263,1.9384144628627937,0.16325872764967098,1.0508365952562324,0.5395139387354463,100.52590128145582,91.91446134827967,96.22018131486774,2.617230581165758,1.6451435336164508
2024.11.18startup_a,include,5379,5079,5079,5079,0.5281385352704644,-0.06142132390377958,0.23335860568334238,0.17918077793000023,1.403626217801714,-0.06097708946776803,0.6713245641669731,0.4451265734457617,100.18801423321499,97.33107889275301,98.759546562984,0.8682882472980425,1.64515375473078
2024.11.18startup_b,include,5339,5039,5039,5039,0.6629454746748313,-0.02758295196884647,0.31768126135299246,0.2098671398594387,1.832093104814534,0.11529757368327265,0.9736953392489033,0.5217728248976243,100.46038288835788,94.79240189073968,97.62639238954878,1.722627070589214,1.645156138083762
2024.12.02startup_b,include_with_caution,5421,5121,5121,5121,1.0739802162069252,0.09721974864609068,0.5855999824265079,0.29686037756355255,2.1016574953203615,0.744366583164929,1.4230120392426453,0.41251249003988316,97.40940775067591,88.89632900009772,93.15286837538682,2.5873239714909886,1.6451512922968767
2024.12.09startup_a,include,5390,5090,5090,5090,0.6501125397729464,-0.008446774205585317,0.32083288278368055,0.20015137546330244,1.7501898274462235,0.17238027393567035,0.9612850506909469,0.4795327401057318,99.80505725249773,95.53310349238947,97.6690803724436,1.298345346960147,1.6451531058783004
2024.12.13startup_a,include,5206,4906,4906,4906,0.7501800575054263,-0.06120006886219859,0.3444899943216138,0.24659546329539803,1.5872543274675084,0.0781059790097085,0.8326801532386084,0.458661882483452,100.03527171974142,95.36632828002826,97.70079999988484,1.4189899816383,1.64516434228895
2024.12.16startup_b,include,5284,4984,4984,4984,0.8227056253653748,0.012765873580539766,0.4177357494729573,0.2461584310736172,1.8332005327553733,0.3828339726002902,1.1080172526778318,0.4407981657186999,100.12076970024198,92.67757261206164,96.39917115615181,2.262150627081363,1.6451594776833196
2024.12.23startup_a,include,5341,5041,5041,5041,0.6368461727412325,-0.05007413527212834,0.29338601873455206,0.2087705665877065,1.5934902061186866,0.10664208069234049,0.8500661434055136,0.45188666276713146,100.440658536343,95.95242496273883,98.19654174954091,1.3640753595555153,1.6451560180174607
2024.12.23startup_b,include,5512,5212,5212,5212,0.673486600120353,-0.00644130887074118,0.33352264562480594,0.20664666554337896,1.6283324431453692,0.1125981068419436,0.8704652749936564,0.4606686125172898,99.94477159862747,95.08326664502552,97.5140191218265,1.4775298600040558,1.6451460932195996
2025.01.06startup_a,include,5685,5385,5385,5385,0.7524835787554951,-0.015207412292403077,0.368638083231546,0.2333213385398241,1.7047416493936316,0.21288680537854787,0.9588142273860897,0.45341364321286154,99.58031768046055,93.9674844338067,96.77390105713363,1.7058865889809505,1.6451366939952345
2025.01.06startup_b,include,5847,5547,5547,5547,0.6422868023343379,-0.02831019198364182,0.30698830517534803,0.20381296209897423,1.632600201233521,0.08150473767275479,0.8570524694531378,0.47142078417473343,100.1170918977914,95.76949437049782,97.94329313414461,1.3213550575977047,1.645128424148826
2025.01.13startup_a,include,5419,5119,5119,5119,0.5781001759318839,-0.04348999167588752,0.2673050921279982,0.1889157935080245,1.454845047844951,0.09460297576988452,0.7747240118074178,0.4134093874071889,99.91264345261848,96.82211540829479,98.36737943045664,0.9392837729386814,1.645151408639025
2025.01.13startup_b,include,5655,5355,5355,5355,0.5430113351623125,-0.006395279190122727,0.2683080279860949,0.16697885548758334,1.6431352503893712,0.054793479667228695,0.8489643650283,0.482738074260189,100.26832752454781,96.73005589723634,98.49919171089208,1.075372103827021,1.6451382803773302
2025.02.10startup_b,include,5414,5114,5114,5114,0.632756296222857,-0.04025623880000545,0.29625002871142575,0.20454421773589976,1.6574202280515506,0.13808813697339628,0.8977541825124735,0.4617604842086232,100.18091183345805,95.6888546927513,97.93488326310468,1.3652410112088245,1.6451516998926665
2025.02.24startup_a,include,5133,4833,4833,4833,0.49289514355279923,0.0016640382975917078,0.24727959092519547,0.1492950250397226,1.6021976290787543,-0.02960732095922025,0.786295154059767,0.49593838474315566,100.0527439943513,97.21685477625986,98.63479938530558,0.8618838410179314,1.645169037362453
2025.02.24startup_b,include,5125,4825,4825,4825,0.5335369871963437,-0.01687344106750721,0.25833177306441824,0.16728075982812302,1.4998729329926097,0.0774039010426869,0.7886384170176483,0.43231684626166,100.03809149985557,96.78692817375389,98.41250983680473,0.9880936907955998,1.6451695605321988
2025.03.02startup_a,include,5259,4959,4959,4959,0.46345938615539417,-0.059459187303335104,0.20200009942602953,0.15892625920624154,1.5351777511795535,-0.06845645376154108,0.7333606487090062,0.48737910309964916,100.64201627164208,97.42452586926852,99.0332710704553,0.977864890701902,1.6451610201814673
2025.03.17startup_a,include,5272,4972,4972,4972,0.5226198554275051,-0.02882662363918828,0.24689661589415843,0.16759658836103974,1.6133018276073756,0.030845226562035144,0.8220735270847054,0.48094300649715505,100.2757734880857,96.76957110043021,98.52267229425796,1.065611225352154,1.6451602161457994
2025.03.17startup_b,include_with_caution,6354,6054,6054,6054,0.7358327864359394,2.2319770966450214e-05,0.36792755310345293,0.2236362682516732,1.7512643285853553,0.1786959412050123,0.9649801348951839,0.47795368733782767,100.61962914888525,93.18075601823989,96.90019258356257,2.2609107946987628,1.6451054035585029
2025.03.24startup_b,include,5275,4975,4975,4975,0.7003233189614314,0.021586351335653453,0.36095483514854243,0.20628296176522098,1.8690210082147605,0.2946700512884983,1.0818455297516294,0.47847957860417706,100.1846450240687,94.40496695561735,97.29480598984303,1.7565701691188587,1.6451600311960715
2025.03.25startup_a,include_with_caution,5115,4815,4815,4815,0.5504825180093537,-0.04931714618122718,0.25058268591406324,0.18229106569476233,1.4512050187153247,0.07293395574105754,0.7620694872281911,0.4188840305952568,100.58469993245929,96.60615760402753,98.59542876824341,1.2091582644352827,1.6451702169400795
2025.03.31startup_a,include_with_caution,5128,4828,4828,4828,0.55704119574594,-0.04588381308239625,0.25557869133177186,0.18324101517153116,1.567639437855758,0.06319083773442935,0.8154151377950938,0.4572321345491101,100.15561906221633,96.78025507149108,98.46793706685371,1.0258408843180455,1.6451693641402845
2025.03.31startup_b,include_with_caution,6326,6026,6026,6026,0.4936341497200312,-0.040038094536299196,0.226798027591866,0.16219990022183753,1.5416848913295513,-0.036916804177802964,0.7523840435758742,0.47978706079818606,100.42373446150714,97.14148499244322,98.78260972697518,0.9975795858134187,1.6451065738216784
2025.04.07startup_a,include,5933,5633,5633,5633,0.6114069747001494,-0.02065175355061183,0.29537761057476875,0.19210060789015998,1.3627708425904919,0.08109570273337174,0.7219332726619319,0.38953749466549215,100.40552250618416,95.14781262357891,97.77666756488154,1.5979674346936013,1.6451242273323832
2025.04.07startup_b,include_with_caution,6483,6183,6183,6183,0.7701422269986902,0.033253770529169335,0.40169799876392975,0.2239646190982177,1.844570433324511,0.31977023756405165,1.0821703354442813,0.4634368906802168,99.47986114623087,93.6605376725628,96.57019940939684,1.7686836504858403,1.6451001489355
2025.04.14startup_a,include_with_caution,6225,5925,5925,5925,0.6024254087473643,-0.043783183762243105,0.2793211124925606,0.1964027463408492,1.4448003955335347,-0.050767057790057635,0.6970166688717385,0.4545491325486767,100.35328984863304,96.30954099365542,98.33141542114423,1.2290201489675545,1.6451108870650362
2025.04.14startup_b,include,5208,4908,4908,4908,0.6188116434469997,-0.022043603541748502,0.2983840199526256,0.19476938560384943,1.625708637675086,0.009083641351779748,0.8173961395134328,0.49132633112582447,99.96846003125093,96.15637780356697,98.06241891740895,1.1585719502900405,1.6451642156232233
