event_id,meeting_id,quality_label,peak_second,onset_second,offset_second,temporal_position,timing_bin,joint_corroborated,peak_entropy,combined_delta,z_delta_entropy,z_delta_pct_det,peak_pct_det,peak_rmse,meeting_duration_seconds,window_start_second,window_end_second,segment_n_turns,trigger_type,trigger_subtype,smm_dimension,confidence,content_summary,justification,classifier
evt_001,2024.10.14startup_a,include,192,179,224,0.0349981771782719,early,False,1.980952245229484,0.3499517384750528,0.6886262202347858,0.0112772567153198,98.37153952148316,0.2377691646669787,5486.0,12,372,38,functional_reorientation,FR_role,smm_roles,conf_medium,Start of meeting: facilitator assigns roles (facilitador/integrador),Team sets up meeting structure by assigning procedural roles; entropy rise reflects early coordination ambiguity.,full_run
evt_002,2024.10.14startup_a,include,1515,1510,1519,0.2761574917973022,early,False,1.690234376245165,0.3583316653267029,0.5095524653160917,0.2071108653373141,97.3861866020426,0.2110168695314743,5486.0,1335,1695,33,functional_reorientation,FR_procedural,smm_strategy,conf_medium,Time check; transition from warm-up to structured problem-solving section,Facilitator marks clock and signals shift to solutions phase without frame disruption.,full_run
evt_003,2024.10.14startup_a,include,2169,2169,2175,0.3953700328107911,middle,False,1.6724333972231755,0.4613866804289026,0.8840623076615752,0.03871105319623,99.59482729513456,0.2493057295439473,5486.0,1989,2349,30,functional_reorientation,FR_elaboration,smm_strategy,conf_medium,The team discusses two MVP paths: partnering with a supplier and finding an initial client to make the MVP concrete.,"The team is elaborating an existing line of action (MVP development), detailing two concrete next steps without disrupting the shared frame. No competing interpretations or frame-challenging content appears; the conversation builds on the established problem and converts it into structured tasks.",calibration
evt_004,2024.10.14startup_a,include,3271,3243,3280,0.5962449872402479,middle,False,1.9124457035653704,0.4825385043641567,0.2818755114281938,0.6832014973001197,96.10647596344856,0.4394521536553857,5486.0,3091,3451,35,cognitive_perturbation,CP_constraint,smm_strategy,conf_medium,Mentor challenges pricing: must outcompete driver earnings from Movie competitor,Mentor introduces external competitive pricing constraint on revenue model.,full_run
evt_005,2024.10.14startup_a,include,4453,4443,4463,0.8117025154939846,late,False,1.736339181998297,0.2324167289529783,0.2668901355194937,0.197943322386463,97.38778331934226,0.2824862955259511,5486.0,4273,4633,39,functional_reorientation,FR_procedural,smm_strategy,conf_medium,Issue list review: reprioritizing and cleaning up backlog items,Team systematically reviews and prunes issue list; purely procedural.,full_run
evt_006,2024.10.14startup_a,include,5240,5230,5248,0.955158585490339,late,True,1.7283412475895337,0.6331457914573153,0.3199510207398323,0.9463405621747984,95.15700671770036,0.833180494997918,5486.0,5060,5420,46,functional_reorientation,FR_elaboration,smm_strategy,conf_medium,Mentor guides weekly task planning; team assigns action items for the week,Action framework elaborated with concrete weekly tasks; no new frame introduced.,full_run
evt_007,2024.10.25startup_a,include,1078,1042,1088,0.205020920502092,early,False,1.9131516004274849,0.3290802730931915,0.6311276959554699,0.027032850230913,98.367161809729,0.1808351020050803,5258.0,898,1258,22,cognitive_perturbation,CP_constraint,smm_strategy,conf_medium,Mentor: too early for large marketing campaign—must gain operational experience through MVPs first,Sequencing constraint imposed on marketing plan: learn before scale.,full_run
evt_008,2024.10.25startup_a,include,2343,2340,2347,0.4456066945606695,middle,False,1.801263060910678,0.2883785289146148,0.2666820051595505,0.310075052669679,96.32104620248616,0.5371347711986251,5258.0,2163,2523,58,functional_reorientation,FR_elaboration,smm_strategy,conf_medium,Discussing sales patience with unresponsive contact; mentor advises multi-front approach,Customer acquisition strategy elaborated with sales persistence guidance.,full_run
evt_009,2024.10.25startup_a,include,2475,2472,2487,0.4707112970711297,middle,False,1.8847324924850224,0.3839145171799635,0.2468366092301736,0.5209924251297534,96.31655725747628,0.5030674991934717,5258.0,2295,2655,54,cognitive_perturbation,CP_generative,smm_strategy,conf_medium,Mentor generates 'anticipating a truth' strategy to resolve chicken-and-egg coordination problem,Novel negotiation heuristic: tell each party the timeline as anticipation of truth rather than a lie.,full_run
evt_010,2024.10.25startup_a,include,2554,2528,2594,0.4857360213008748,middle,False,1.948738046931766,0.0421951131691028,0.0389887568802456,0.0454014694579599,96.96949646000132,0.1049109671022969,5258.0,2374,2734,42,functional_reorientation,FR_elaboration,smm_strategy,conf_medium,Team extends 'anticipating a truth' strategy to second contact (Sky),New strategy applied to additional lead; scope elaborated without new perturbation.,full_run
evt_011,2024.10.25startup_a,include,3122,3111,3135,0.5937618866489159,middle,False,1.9587451631519053,0.2312546867668981,0.0799913395297865,0.3825180340040098,96.04743083003952,0.5069137960602912,5258.0,2942,3302,40,cognitive_perturbation,CP_generative,smm_strategy,conf_medium,Mentor offers personal network to reach PARTNER_G key contact for media coverage,Alternative press coverage pathway via personal connections generated.,full_run
evt_012,2024.10.25startup_a,include,4115,4109,4121,0.7826169646253328,late,False,1.8264095982718984,0.3257218412634497,0.3383654094066352,0.3130782731202642,98.22203845358692,0.3278478816525227,5258.0,3935,4295,25,cognitive_perturbation,CP_divergence,smm_strategy,conf_high,"Team members actively debate whether to prioritize Plugin or PARTNER_D as a strategic partner, contrasting risk and fit.","Competing strategic interpretations are explicitly contrasted: Speaker 3 and Speaker 2 favor Plugin for better fit and independence, while Speaker 1 questions whether partnering with Plugin would actually damage the PARTNER_D relationship. The divergence involves different assumptions about partner dynamics, making this a CP_divergence event. The SMM dimension affected is smm_strategy, as the team's shared plan for partner sequencing is under active dispute.",calibration
evt_013,2024.10.25startup_a,include,4720,4717,4723,0.897679726131609,late,True,1.7895128308290014,0.2910685063200938,0.4202034927677092,0.1619335198724785,94.20081162455818,0.1841765098820636,5258.0,4540,4900,46,functional_reorientation,FR_elaboration,smm_task,conf_medium,"Mentor walks through business model canvas: investor, driver, platform service exchange",Business model canvas elaborated with structured analysis of each actor.,full_run
evt_014,2024.10.28startup_b,include,736,713,749,0.1357432681667281,early,False,1.923537757401148,0.2748382982476344,0.1055557079659115,0.4441208885293574,98.3810523159946,0.4631638169273239,5422.0,556,916,36,functional_reorientation,FR_elaboration,smm_strategy,conf_medium,Market insights from auto-electric training course; team reviews KTH scorecard,Market intelligence shared; scorecard reviewed procedurally.,full_run
evt_015,2024.10.28startup_b,include,1409,1404,1416,0.2598672076724456,early,False,1.8157264917952989,0.1651331999926732,0.2838881281867594,0.046378271798587,97.97876523790798,0.2738119657712177,5422.0,1229,1589,38,functional_reorientation,FR_elaboration,smm_strategy,conf_medium,Mentor suggests content marketing from customer validation learnings for organic SEO,Marketing strategy elaborated by linking validation activities to content creation.,full_run
evt_016,2024.10.28startup_b,include,1569,1557,1576,0.2893766137956474,early,False,1.923928046746848,0.2951830893250499,0.5447020185167976,0.0456641601333022,97.4454249883883,0.3014743095792776,5422.0,1389,1749,44,functional_reorientation,FR_elaboration,smm_strategy,conf_medium,Discussing content types for platform: EV maintenance software challenges,Content strategy elaborated with specific topic areas from customer research.,full_run
evt_017,2024.10.28startup_b,include,1775,1768,1785,0.3273699741792696,early,False,1.902921308304606,0.3388297400721125,0.3157800272272832,0.3618794529169417,96.22751438351176,0.5008484463799303,5422.0,1595,1955,40,functional_reorientation,FR_procedural,smm_strategy,conf_medium,Reviewing task: battery disassembly visit completed via course attendance,Action item status updated; visit task converted to course completion.,full_run
evt_018,2024.10.28startup_b,include,1930,1925,1936,0.3559572113611213,middle,False,1.8212745871349976,0.2424337234235291,0.3038928320535446,0.1809746147935135,98.2193418486126,0.308814550329022,5422.0,1750,2110,39,functional_reorientation,FR_procedural,smm_strategy,conf_medium,Team prioritizes which eixos to address during the meeting,Agenda-setting procedural shift.,full_run
evt_019,2024.10.28startup_b,include,2143,2140,2147,0.3952416082626337,middle,True,1.872718699644523,0.2373245017356089,0.0516934574800552,0.4229555459911625,94.2528735632184,0.4641320732405143,5422.0,1963,2323,57,cognitive_perturbation,CP_generative,smm_task,conf_medium,"During a task-list review, a team member proposes explicitly quantifying the battery and hybrid vehicle market size as a strategic necessity.","Speaker 4 introduces a new conceptual need — to define and quantify the battery/hybrid market — beyond the ongoing task-list review, expanding the team's shared picture of what the project must deliver. This is CP_generative because the idea opens a new analytical space rather than opposing an existing assumption. Confidence is medium because the generative moment is embedded within procedural review, making the boundary somewhat diffuse.",calibration
evt_020,2024.10.28startup_b,include,4350,4339,4360,0.8022869789745481,late,False,1.917172837033573,0.1648202802370367,0.2621928748098999,0.0674476856641734,98.71501064003928,0.1962843219131707,5422.0,4170,4530,26,cognitive_perturbation,CP_generative,smm_strategy,conf_medium,Speaker 4 proposes using prior visit learnings to enrich target partner meetings,Meta-strategy generated: reconnaissance visits first before high-stakes meetings.,full_run
evt_021,2024.10.28startup_b,include,4589,4579,4603,0.8463666543710808,late,False,1.94297439604414,0.5676748103679314,0.0668128721438004,1.0685367485920625,98.05228419826582,1.3594226508354936,5422.0,4409,4769,45,functional_reorientation,FR_procedural,smm_roles,conf_medium,"Team reviews completed eixos, discusses role division, decides next issue",Meeting transitions through agenda check and role distribution.,full_run
evt_022,2024.11.04startup_a,include,1265,1256,1273,0.2405857740585774,early,False,1.8463075662318311,0.1344002593911766,0.0286677166805683,0.240132802101785,99.2616638024314,0.1407096006397486,5258.0,1085,1445,20,cognitive_perturbation,CP_generative,smm_strategy,conf_medium,Mentor proposes PARTNER_G could invest in truck charging as marketing/branding,Novel investor hypothesis: potential partner repositioned as both customer and funder.,full_run
evt_023,2024.11.04startup_a,include,1969,1967,1972,0.3744769874476987,middle,False,1.5732230293875171,0.3835910143400695,0.4254137690048847,0.3417682596752542,97.29033768361911,0.2000432924582483,5258.0,1789,2149,29,functional_reorientation,FR_procedural,smm_strategy,conf_medium,Mentor closes discussion positively; team transitions to next issue,Positive topic closure with procedural handoff.,full_run
evt_024,2024.11.04startup_a,include,2067,2059,2071,0.3931152529478889,middle,True,1.5822671693137729,0.2912067448177779,0.2118045173857411,0.3706089722498147,96.7304060434372,0.2803375988691166,5258.0,1887,2247,35,cognitive_perturbation,CP_generative,smm_strategy,conf_high,The facilitator introduces a reframing strategy for accessing fire-department officials by positioning the startup as already operational rather than prospective.,"The facilitator reveals a new strategic possibility: instead of presenting as a future project, the team should frame themselves as currently dealing with an EV charging issue at a real location, triggering a regulatory obligation to respond. This expands the team's conceptual space for accessing gatekeepers, making it CP_generative. The SMM dimension is smm_strategy because the team's plan for institutional access is fundamentally reoriented.",calibration
evt_025,2024.11.04startup_a,include,2254,2217,2290,0.4286801065043742,middle,False,1.9673799723810663,0.474856941265761,0.0374833862158586,0.9122304963156632,97.2017896413134,0.4613557437766082,5258.0,2074,2434,40,functional_reorientation,FR_procedural,smm_strategy,conf_medium,Team discards macro-risk issues (policy incentives) as uncontrollable external variables,Environmental analysis applied to prune unactionable issues from backlog.,full_run
evt_026,2024.11.04startup_a,include,2339,2337,2341,0.4448459490300494,middle,False,1.6491180744499614,0.127779665662052,0.2510661807956847,0.0044931505284194,98.46275335614637,0.2432790417788022,5258.0,2159,2519,40,functional_reorientation,FR_procedural,smm_strategy,conf_medium,Discarding EV sales growth from issues list as uncontrollable external variable,Same logic applied to second macro variable; issue list cleanup continues.,full_run
evt_027,2024.11.04startup_a,include,2846,2844,2862,0.5412704450361354,middle,False,1.6711824374580142,0.2087663113868389,0.0610793960180605,0.3564532267556172,99.24280413198277,0.1183672907313543,5258.0,2666,3026,22,cognitive_perturbation,CP_generative,smm_strategy,conf_medium,Mentor teaches cold-calling/referral technique to bypass gatekeepers,Authority-transfer via referral chain tactic introduced.,full_run
evt_028,2024.11.04startup_b,include,635,630,656,0.1252465483234714,early,False,1.8508113293439468,0.5264367329362071,0.841697680397852,0.2111757854745621,98.11797295095325,0.1919104883288556,5070.0,455,815,32,functional_reorientation,FR_procedural,smm_strategy,conf_medium,Clarifying 'embarcado' terminology; reviewing action items and task assignments,Definitional clarification followed by systematic task review.,full_run
evt_029,2024.11.04startup_b,include,795,784,802,0.1568047337278106,early,False,1.942656883962336,0.1150122134844897,0.1614478230381732,0.0685766039308062,98.27661431064573,0.28022667088363,5070.0,615,975,36,functional_reorientation,FR_procedural,smm_strategy,conf_medium,Logistics for obtaining photos from Diplomata desmanche for catalog,Operational task follow-up; procedural status update.,full_run
evt_030,2024.11.04startup_b,include,2835,2829,2841,0.5591715976331361,middle,False,1.8587074247758677,0.5051571004453035,0.8348783408642128,0.1754358600263942,96.1978315758206,0.2192958714992724,5070.0,2655,3015,41,functional_reorientation,FR_procedural,smm_strategy,conf_medium,Planning Diplomata visit (tomorrow 4pm); catalog update tasks; KTH scorecard update,Task assignment and scheduling.,full_run
evt_031,2024.11.04startup_b,include,2954,2945,2964,0.5826429980276134,middle,True,1.902921308304606,0.3102170251926836,0.158119196109076,0.4623148542762912,93.7897235622942,0.3834222714994538,5070.0,2774,3134,44,functional_reorientation,FR_elaboration,smm_task,conf_medium,The facilitator and team develop a bottom-up method for estimating market size using average part prices from junkyards.,"The discussion elaborates an existing analytical task (market sizing), detailing a practical methodology without disrupting the team's shared frame. The facilitator is helping refine how to approach an acknowledged task rather than introducing a new possibility or challenging an assumption. smm_task is affected because the team is clarifying the nature and scope of their market analysis deliverable.",calibration
evt_032,2024.11.04startup_b,include,3112,3108,3120,0.6138067061143985,middle,True,1.8611358059421,0.5706911252871365,0.428716459571824,0.7126657910024489,93.21358438258056,0.8059101506192788,5070.0,2932,3292,55,functional_reorientation,FR_elaboration,smm_strategy,conf_medium,Team defends market projections methodology (Brazilian share of global EV market),Empirical basis for financial projections elaborated.,full_run
evt_033,2024.11.11startup_a,include,650,640,662,0.123574144486692,early,False,1.8587074247758677,0.1255029069291896,0.0043365390157667,0.2466692748426124,98.53879066763542,0.3057630039345056,5260.0,470,830,29,cognitive_perturbation,CP_generative,smm_strategy,conf_high,"The team discovers a well-connected Brazilian contact and a major electric-mobility investment fund, opening new partnership and investor paths.",The discovery of a new contact with ready-made industry connections and the identification of Evolution (an electric-mobility company with R$200M in regional investment) substantially expands the team's strategic horizon in ways that were not previously anticipated. This is CP_generative: new possibilities enter the conceptual space and alter the team's view of what partnerships and funding paths are available. The facilitator's reframing of how to use the contact before approaching the Indian partner reinforces the generative character of the event.,calibration
evt_034,2024.11.11startup_a,include,1936,1933,1940,0.3680608365019011,middle,False,1.699007751305905,0.2416821011789513,0.3651262340952375,0.1182379682626651,99.2770020420553,0.1972480398530496,5260.0,1756,2116,23,cognitive_perturbation,CP_generative,smm_strategy,conf_medium,Mentor: team's verbal MVP description IS the plan—write it down at 30% quality,Mentor dissolves perfectionism barrier; plan already exists in heads.,full_run
evt_035,2024.11.11startup_a,include,2235,2195,2246,0.4249049429657794,middle,False,1.8587074247758668,0.449644386286914,0.4138010472963131,0.485487725277515,98.02284416538642,0.3619691386374288,5260.0,2055,2415,33,cognitive_perturbation,CP_generative,smm_strategy,conf_medium,Mentor: lower bar to 30% first version; target killing 70% of backlog next week,Productivity mindset shift challenges implicit completeness standard.,full_run
evt_036,2024.11.11startup_a,include,3309,3288,3330,0.6290874524714829,middle,True,1.9512907343569177,0.4888649094660822,0.0818996381149505,0.8958301808172139,95.70025520068052,0.920353389773676,5260.0,3129,3489,41,functional_reorientation,FR_elaboration,smm_strategy,conf_medium,Strategizing PARTNER_A meeting: discover pain points before proposing solutions,Discovery-first conversation strategy elaborated.,full_run
evt_037,2024.11.11startup_a,include,3429,3416,3460,0.6519011406844106,middle,True,1.9554169551936995,0.252903440860577,0.4746954078034884,0.0311114739176656,95.45284850294932,0.1710855474498355,5260.0,3249,3609,41,cognitive_perturbation,CP_generative,smm_strategy,conf_medium,Team realizes they may be the client of PARTNER_A rather than just a referrer of clients,Business relationship with PARTNER_A reframed: service-buyer rather than referrer.,full_run
evt_038,2024.11.11startup_b,include,404,401,409,0.0726880172724001,early,False,1.9641056946725457,0.119479571854217,0.1173165764569001,0.1216425672515339,92.24817735456034,0.1216096992961971,5558.0,224,584,70,functional_reorientation,FR_elaboration,smm_strategy,conf_medium,Debrief on junkyard visits: differences in tracking systems between desmanches,Market intelligence from field visits incorporated.,full_run
evt_039,2024.11.11startup_b,include,686,677,706,0.1234256926952141,early,False,1.994578053368883,0.2784711972084452,0.1883059117997629,0.3686364826171275,97.58314397851684,0.7604735192337034,5558.0,506,866,46,functional_reorientation,FR_procedural,smm_strategy,conf_medium,Reviewing scorecard tasks; pre-visit preparations and OLX test status,Systematic task review; procedural.,full_run
evt_040,2024.11.11startup_b,include,1223,1220,1228,0.2200431810003598,early,False,1.967572297254217,0.2503658176549187,0.1015870770937961,0.3991445582160413,96.60033726812816,0.4964392162446312,5558.0,1043,1403,51,functional_reorientation,FR_elaboration,smm_strategy,conf_medium,Porto Seguro insurance junkyard investigation update; director contact obtained,Market investigation results shared; focus adjusted toward most accessible contact.,full_run
evt_041,2024.11.11startup_b,include,1571,1565,1587,0.2826556315221302,early,False,1.9820809892894808,0.6022383075122122,0.176657984053832,1.0278186309705923,94.0347071583514,0.9006519013993354,5558.0,1391,1751,62,cognitive_perturbation,CP_constraint,smm_task,conf_medium,"Catalog gap discovered: missing fields (year, condition, compatibility) that buyers need",Hard constraint discovered: catalog missing critical product attributes preventing buyer decisions.,full_run
evt_042,2024.11.11startup_b,include,2732,2728,2736,0.4915437207628643,middle,True,1.966665652338337,0.2871246403448523,0.0263242127312134,0.5479250679584913,90.67502668089648,0.922019493734835,5558.0,2552,2912,59,cognitive_perturbation,CP_constraint,smm_constraints,conf_medium,"A team member clarifies that only used parts may be sourced, and identifies an unowned task for finding a client's requested part with pricing.","Speaker 3 establishes that the circular-economy commitment restricts part sourcing to used items, ruling out new-part platforms and narrowing the feasible search space. This is CP_constraint because a clarified limitation (used-only) changes what is permissible in the team's operation. The debate about used versus new sources (t=2715–2733) reflects the constraint being internalized. smm_constraints is the primary dimension affected.",calibration
evt_043,2024.11.11startup_b,include,4435,4429,4442,0.7979489024829075,late,False,1.999424603097586,0.1341363196032717,0.1875301694153652,0.0807424697911783,96.19491754528252,0.487113261741896,5558.0,4255,4615,40,cognitive_perturbation,CP_generative,smm_strategy,conf_medium,Mentor proposes converting fake OLX listing to real transactional MVP given 6 interested parties,Escalation from hypothesis test to real transaction made concrete and evidence-based.,full_run
evt_044,2024.11.18startup_a,include,164,150,183,0.0304889384643985,early,False,1.872287461542425,0.7107194207805788,0.6748521077277296,0.746586733833428,97.79400341774118,0.5465824129222754,5379.0,0,344,29,functional_reorientation,FR_attention,smm_strategy,conf_medium,Meeting opening: 99 rideshare company receptive to MVP partnership discussions,Team redirects to breakthrough with 99; new high-priority lead.,full_run
evt_045,2024.11.18startup_a,include,254,247,261,0.0472206729875441,early,False,1.4561112661478437,0.2821635249016697,0.1668831431849957,0.3974439066183438,98.83515929983628,0.3083603096754237,5379.0,74,434,24,functional_reorientation,FR_elaboration,smm_strategy,conf_medium,"Updates: 99 MVP logistics (4-6 cars), Evolution meeting interested in partnership",Two parallel partnership tracks elaborated with concrete details.,full_run
evt_046,2024.11.18startup_a,include,714,698,731,0.1327384272169548,early,True,1.9158582303981528,0.0118400209833558,0.0087453117502126,0.0149347302164989,96.61435469710273,0.0976935004899132,5379.0,534,894,26,functional_reorientation,FR_procedural,smm_strategy,conf_medium,"The facilitator leads a structured 45-day goal review, confirming tracking status across operations, market, and finance.","The window is dominated by a structured check-in on progress metrics, reviewing whether each goal dimension is on track. This is FR_procedural: the team is moving through a standardized review protocol and coordinating next-step tasks without challenging the shared frame. The '99' mention adds a new thread but does not disrupt the overall logic. smm_strategy is affected because the team is aligning on plan status.",calibration
evt_047,2024.11.18startup_a,include,823,815,831,0.1530024168060977,early,False,1.554965937118681,0.2959363884109617,0.4618315530770622,0.1300412237448611,97.6027397260274,0.087551247255317,5379.0,643,1003,24,functional_reorientation,FR_procedural,smm_strategy,conf_medium,Positive team sentiment about 99; transitioning to scorecard action items review,Social check-in followed by procedural shift to task list.,full_run
evt_048,2024.11.18startup_a,include,3113,3063,3135,0.5787321063394683,middle,False,1.583393820970492,0.4572194911101118,0.156590555334605,0.7578484268856186,98.48776223776224,0.6215119235413472,5379.0,2933,3293,22,cognitive_perturbation,CP_generative,smm_strategy,conf_medium,"Mentor creates phased MVP plan: MVP1 (no driver 2wk), MVP2 (driver 2mo), MVP3",Multi-phase framework resolves financial viability concern and provides escalation path.,full_run
evt_049,2024.11.18startup_a,include,4101,4090,4112,0.762409369771333,late,False,1.584576851106354,0.2402286947164503,0.06749261475215,0.4129647746807506,99.09528616913876,0.4155541633618503,5379.0,3921,4281,21,cognitive_perturbation,CP_constraint,smm_strategy,conf_medium,Conflict identified: Quatro Rodas magazine feature deadline clashes with 99 MVP timing,Scheduling constraint forces prioritization of two most important near-term activities.,full_run
evt_050,2024.11.18startup_a,include,4543,4536,4550,0.8445807770961146,late,False,1.4561112661478437,0.1448792292999033,0.0701642388460289,0.2195942197537776,97.83401946107784,0.1252087713756823,5379.0,4363,4723,31,cognitive_perturbation,CP_generative,smm_strategy,conf_medium,Mentor proposes formal comodato (equipment loan) contract for Plugin arrangement,Legal mechanism generated to reduce risk in Plugin equipment partnership.,full_run
evt_051,2024.11.18startup_b,include,151,150,161,0.0282824498969844,early,False,1.973943243311487,,0.4645447881359831,0.0937690068701339,95.611685940353,0.5642872039709698,5339.0,0,331,47,cognitive_perturbation,CP_invalidation,smm_strategy,conf_high,Competitor discovered implementing same business idea at junkyard visit,Assumption of uniqueness directly challenged by field evidence; incumbent already active.,full_run
evt_052,2024.11.18startup_b,include,321,316,335,0.0601236186551788,early,True,1.8942465552913723,0.0744057661122667,0.0793903198761558,0.0694212123483775,94.5861893881696,0.2689321418967462,5339.0,141,501,47,cognitive_perturbation,CP_constraint,smm_strategy,conf_medium,"The team learns of a potentially better-positioned competitor with existing software embedded in multiple junkyards, limiting their assumed uniqueness.","The competitor's existing software network gives them catalogue access across junkyards, which introduces a new limitation on the team's assumed competitive position. This is CP_constraint because the rival's structural advantage constrains what the team can claim as unique and shapes what differentiation they must articulate. Confidence is medium because the competitor's status is still unconfirmed — they plan to meet him — and the window contains both threat framing and reframing as potential partner.",calibration
evt_053,2024.11.18startup_b,include,450,450,451,0.0842854467128675,early,False,1.8463075662318311,0.3000607384938636,0.1601607777512678,0.4399606992364595,94.82496194824962,0.7383326161847367,5339.0,270,630,43,functional_reorientation,FR_procedural,smm_strategy,conf_medium,Scorecard review; Diplomata catalog contact gave ambiguous response,Task status updated procedurally.,full_run
evt_054,2024.11.18startup_b,include,798,796,820,0.1494661921708185,early,False,1.8608163461419247,0.7188917778182595,1.0911316263114388,0.3466519293250802,99.17115993048438,0.331269728363015,5339.0,618,978,35,functional_reorientation,FR_procedural,smm_strategy,conf_medium,OLX fake listing test closed; mentor asks if learnings documented,Task closure followed by learning documentation emphasis.,full_run
evt_055,2024.11.18startup_b,include,1070,1062,1079,0.2004120621839295,early,False,1.973943243311487,0.2326098907694543,0.1080389901874908,0.3571807913514178,97.66616381222823,0.3746630034986944,5339.0,890,1250,31,functional_reorientation,FR_elaboration,smm_strategy,conf_medium,"EV maintenance findings: preventive care gap, cell replacements rare; Porto Seguro meeting tomorrow",Market intelligence from EV mechanics updates product scope assumptions.,full_run
evt_056,2024.11.18startup_b,include,1914,1910,1919,0.3584941000187301,middle,False,1.8636957636078917,0.1987902229507861,0.3743924059131698,0.0231880399884025,95.47856214811608,0.2284400532624592,5339.0,1734,2094,50,functional_reorientation,FR_procedural,smm_strategy,conf_medium,Systematic review of completed and pending scorecard tasks,Purely procedural status updates.,full_run
evt_057,2024.11.18startup_b,include,1991,1983,2011,0.3729162764562652,middle,False,1.9739432433114872,0.7947132785374543,0.7411182794555661,0.8483082776193426,98.14730447987851,0.7808889521419066,5339.0,1811,2171,41,functional_reorientation,FR_elaboration,smm_strategy,conf_medium,Competitor analysis document received; no direct competitors identified yet,Competitive landscape elaborated; mentor notes uniqueness.,full_run
evt_058,2024.11.18startup_b,include,2732,2720,2753,0.5117063120434538,middle,False,1.9978467171869156,0.3242339697396046,0.3304356873928091,0.3180322520864,97.20789322852698,0.4423345294758922,5339.0,2552,2912,36,functional_reorientation,FR_elaboration,smm_strategy,conf_medium,Mentor reinforces structured learning documentation for OLX and search-based tests,Hypothesis-testing methodology deepened.,full_run
evt_059,2024.11.18startup_b,include,3159,3146,3162,0.5916838359243304,middle,False,1.9019015988018408,0.0686063732535582,0.0164758439687166,0.1207369025383997,97.2790834807514,0.2780716104746831,5339.0,2979,3339,38,cognitive_perturbation,CP_constraint,smm_strategy,conf_medium,"Competitor has software with full junkyard DB, catalog photos, insurance focus",Competitive threat elaborated: incumbent has more resources and clearer market position.,full_run
evt_060,2024.12.09startup_a,include,1652,1640,1660,0.3064935064935065,early,False,1.9759411671299136,0.2612234011722316,0.100348184308131,0.4220986180363322,99.40998805928216,0.382429288797787,5390.0,1472,1832,32,functional_reorientation,FR_elaboration,smm_strategy,conf_medium,Sending comodato contract; editorial tension with Quatro Rodas discussed,Plugin partnership logistics and press strategy elaborated.,full_run
evt_061,2024.12.09startup_a,include,1809,1790,1819,0.335621521335807,middle,False,1.9592422264030724,0.3618708392092398,0.5774641454890173,0.1462775329294624,98.3326779394416,0.2400094129814383,5390.0,1629,1989,32,functional_reorientation,FR_procedural,smm_strategy,conf_medium,Reviewing market research tasks; updating action items for heavy vehicle segment,Task review and agenda update.,full_run
evt_062,2024.12.09startup_a,include,2958,2945,2961,0.5487940630797774,middle,True,1.855786642545942,0.2931798987208748,0.3730228357054944,0.2133369617362553,95.27165264832917,0.2885442218269713,5390.0,2778,3138,42,cognitive_perturbation,CP_generative,smm_strategy,conf_high,"The facilitator introduces a four-stakeholder B2B sales framework — influencer, user, decision-maker, and final approver — expanding the team's view of how to sell.","The facilitator introduces a new conceptual model that reframes the team's sales challenge: instead of treating a gatekeeper as a blocker, they should sell to all four stakeholder types simultaneously. This is CP_generative because it opens a new strategic possibility and reorganizes the team's shared understanding of their sales process. smm_strategy is the affected dimension, as the team's approach to client acquisition is fundamentally enriched.",calibration
evt_063,2024.12.09startup_a,include,3355,3337,3376,0.6224489795918368,middle,False,1.9963675821806277,0.24167931402237,0.1341015726607881,0.3492570553839519,96.85263669839506,0.2982461659553012,5390.0,3175,3535,44,cognitive_perturbation,CP_generative,smm_strategy,conf_medium,Strategy for IRINEU meeting: open questions on EV infra leading to specific initiative inquiry,Funnel conversation strategy designed to plant seed before proposing partnership.,full_run
evt_064,2024.12.09startup_a,include,4187,4172,4225,0.776808905380334,late,False,1.9919185379284217,0.2955208215012453,0.487847071721269,0.1031945712812215,97.96539066596748,0.1745854661801264,5390.0,4007,4367,24,functional_reorientation,FR_procedural,smm_strategy,conf_medium,Closing and linking issues; waiting for magazine feature before closing MVP issue,Procedural issue management.,full_run
evt_065,2024.12.09startup_a,include,4447,4439,4460,0.8250463821892393,late,False,1.8571838249410615,0.317445839719307,0.4149407479797993,0.2199509314588146,97.74888057412744,0.26287199419676,5390.0,4267,4627,34,functional_reorientation,FR_elaboration,smm_strategy,conf_medium,Discussing gradual approach to supplier restricted from direct sales,Constrained sales relationship strategy elaborated.,full_run
evt_066,2024.12.09startup_a,include,4521,4502,4533,0.8387755102040816,late,False,1.9978467171869152,0.2546574990600648,0.2061153899181758,0.3031996082019537,98.29228428112496,0.2996728468689693,5390.0,4341,4701,36,cognitive_perturbation,CP_generative,smm_strategy,conf_medium,Mentor proposes PARTNER_A legal pre-approval for fake-charge MVP approach,Proactive legal risk mitigation: seek pre-approval rather than risk veto.,full_run
evt_067,2024.12.16startup_b,include,977,974,978,0.184897804693414,early,False,1.8631390856781755,0.3354173444089423,0.4207713110852483,0.2500633777326363,97.56966716556197,0.2573322799009693,,797,1157,44,functional_reorientation,FR_elaboration,smm_strategy,conf_medium,Updated scorecards with new KPIs: contacts-to-transaction funnel metrics,Measurement framework elaborated with granular leading indicators.,full_run
evt_068,2024.12.16startup_b,include,1821,1816,1824,0.3446252838758516,middle,False,1.8587074247758668,0.4175017712013458,0.6996229419668419,0.1353806004358496,96.95928277923048,0.5456813253703148,,1641,2001,46,functional_reorientation,FR_elaboration,smm_strategy,conf_medium,Outreach to camping sites: most grid-connected; one lead using lead-acid could switch,Customer prospecting update narrows target profile.,full_run
evt_069,2024.12.16startup_b,include,3002,2990,3006,0.5681302043906131,middle,False,1.913151600427485,0.551866090831814,0.2677927012142853,0.8359394804493426,93.31929233361416,1.2186724694213031,,2822,3182,66,cognitive_perturbation,CP_generative,smm_strategy,conf_medium,Mentor: calculate consequence of acting vs. asking lawyer—most startups just act,Risk-calibration heuristic generated for compliance decisions.,full_run
evt_070,2024.12.16startup_b,include,3172,3169,3176,0.6003028009084027,middle,True,1.89598118962966,0.1667891385251278,0.2786437828943622,0.0549344941558933,92.27018593160837,0.1917918344022403,,2992,3352,65,functional_reorientation,FR_procedural,smm_strategy,conf_medium,Team decides to proceed with payment test without legal consultation,Decision applying preceding heuristic; procedural.,full_run
evt_071,2024.12.16startup_b,include,4512,4495,4524,0.8538985616956851,late,False,1.9839020752860697,0.2714084873730646,0.1395452022012292,0.4032717725449001,97.24273369992144,0.4563567756492421,,4332,4692,44,functional_reorientation,FR_elaboration,smm_strategy,conf_medium,Target customer discussion: farm/business EV users; agricultural contact identified,Customer segmentation elaborated with B2B farm use case.,full_run
evt_072,2024.12.23startup_a,include,1491,1480,1498,0.2791612057667103,early,True,1.7218367324208503,0.094658023605049,0.156739090595105,0.032576956614993,95.84535037804972,0.0859682312350179,5341.0,1311,1671,33,functional_reorientation,FR_elaboration,smm_strategy,conf_medium,"The team works out the MVP vehicle and charger logistics, discovering that one battery unit supports two simultaneous charging outputs.","The discussion elaborates the MVP execution plan, detailing which vehicles and charger configurations are feasible and setting targets for February–March. The revelation that one battery can support two charging outputs is a practical clarification that helps plan better rather than a frame-disrupting insight. FR_elaboration fits because the team is detailing an existing operational plan without challenging shared assumptions.",calibration
evt_073,2024.12.23startup_a,include,1723,1711,1750,0.3225987642763527,early,True,1.9098288311060592,0.4514361936798196,0.5341682045971108,0.3687041827625283,95.77948756256067,0.3303933103600048,5341.0,1543,1903,40,functional_reorientation,FR_procedural,smm_strategy,conf_medium,Reviewing completed market research tasks; TAM/SAM scope questions raised,Task status review with definitional clarification subthread.,full_run
evt_074,2024.12.23startup_a,include,1819,1815,1825,0.3405729264182737,middle,False,1.713352654394594,0.3158010101269959,0.2757514812209762,0.3558505390330156,96.48869092381558,0.2542546811800933,5341.0,1639,1999,35,functional_reorientation,FR_elaboration,smm_strategy,conf_medium,Clarifying TAM: Brazil fossil fuel market segmented by vehicle type (light/heavy),Market scope boundaries defined; financial model inputs elaborated.,full_run
evt_075,2024.12.23startup_a,include,3730,3730,3732,0.6983710915558884,late,False,1.6242428284973704,0.4226325968266607,0.7326220921977911,0.1126431014555303,98.12693707047568,0.1317881013111158,5341.0,3550,3910,27,functional_reorientation,FR_elaboration,smm_task,conf_medium,"Test debrief: confirmed real demand, R$3.50/kWh acceptable, AC charger config issues",First real charging test yields concrete operational and pricing data.,full_run
evt_076,2024.12.23startup_a,include,3979,3963,3986,0.744991574611496,late,False,1.6434075283020646,0.2856316933139629,0.5321039684681294,0.0391594181597964,98.04147465437788,0.233890290598732,5341.0,3799,4159,33,functional_reorientation,FR_elaboration,smm_task,conf_medium,"Operational learnings: charger compatibility issues, remote unlock complexity, overall simplicity",Continuation of MVP debrief; additional operational learnings incorporated.,full_run
evt_077,2024.12.23startup_a,include,4171,4159,4179,0.780939898895338,late,False,1.919083984380127,0.326053117717838,0.3150458860127926,0.3370603494228836,98.45795518432254,0.4077777776895472,5341.0,3991,4351,34,functional_reorientation,FR_elaboration,smm_task,conf_medium,Need configurable AC charger per vehicle type; pricing at ~R$3.50/kWh confirmed,Technical charger requirement and pricing formalized as product requirements.,full_run
evt_078,2024.12.23startup_b,include,2347,2334,2359,0.4257982583454281,middle,False,1.965751211257628,0.1366516179737287,0.1503375668812277,0.1229656690662297,95.7537925528054,0.1450242556926793,5512.0,2167,2527,33,cognitive_perturbation,CP_generative,smm_strategy,conf_medium,Mentor opens new market: PARTNER_B batteries shipped overseas—startup could provide local solution,Unaddressed industrial battery disposal problem identified as market entry point.,full_run
evt_079,2024.12.23startup_b,include,2621,2615,2632,0.4755079825834543,middle,False,1.677955087123212,0.294689622653483,0.4461620155697898,0.1432172297371761,98.74895280647864,0.2262682020032045,5512.0,2441,2801,26,functional_reorientation,FR_elaboration,smm_strategy,conf_medium,"Mentor reframes timeline: Jan prep, Feb-Mar MVP runs, March data for April pitch",Structured milestone calendar makes path to final pitch concrete.,full_run
evt_080,2024.12.23startup_b,include,4584,4580,4587,0.8316400580551524,late,False,1.7168344071232131,0.3302915792775954,0.5815700419430415,0.0790131166121492,96.4900919570004,0.3908431935243525,5512.0,4404,4764,39,functional_reorientation,FR_procedural,smm_strategy,conf_medium,Filling out learning sheet for off-grid battery investigation,Formal hypothesis documentation; procedural.,full_run
evt_081,2024.12.23startup_b,include,4805,4802,4827,0.8717343976777939,late,False,1.80530928214818,0.2499924911324548,0.4743110113660792,0.0256739708988304,96.26961147397482,0.4743393018040507,5512.0,4625,4985,48,functional_reorientation,FR_elaboration,smm_strategy,conf_medium,OLX ad too generic; need specific messaging for buyers already active in market,Marketing mismatch identified; messaging approach elaborated.,full_run
evt_082,2024.12.23startup_b,include,4971,4971,4972,0.9018505079825836,late,True,1.6289738159006806,0.4641401835028561,0.2776593481639117,0.6506210188418005,93.85793965459312,0.8127723548390308,5512.0,4791,5151,52,functional_reorientation,FR_elaboration,smm_task,conf_medium,"The team synthesizes customer discovery results, concluding that off-grid is the most promising segment based on two client responses out of four contacts.","The team is consolidating and interpreting their early customer discovery data, with the facilitator framing the 50% response rate as a reasonable funnel metric. This is FR_elaboration: the team is developing their understanding of an existing analytical task (segment validation) rather than introducing a frame-disrupting idea. smm_task is affected as the team refines their picture of what the market analysis should establish.",calibration
evt_083,2025.01.13startup_a,include,737,736,739,0.1360029525742757,early,False,1.485283726758245,0.2661472150681542,0.0018539680786796,0.5304404620576287,99.76750674230448,0.7463903564255742,,557,917,26,functional_reorientation,FR_attention,smm_strategy,conf_medium,Post-holiday return; PARTNER_A representatives visiting Thursday for project update,Meeting redirects to upcoming high-stakes partner visit.,full_run
evt_084,2025.01.13startup_a,include,1013,1004,1021,0.1869348588300424,early,False,1.5473931750149272,0.0606654532509609,0.094153356212062,0.0271775502898598,98.29882128066264,0.1949838913299673,,833,1193,18,functional_reorientation,FR_procedural,smm_strategy,conf_medium,Reviewing open tasks: condo MVP mapped; 99 contact progressed to project manager,Action item review; two key tracks updated.,full_run
evt_085,2025.01.13startup_a,include,1074,1065,1084,0.1981915482561358,early,False,1.582267169313773,0.1163175399104471,0.0311175652384807,0.2015175145824135,99.43726672408845,0.3945581404526821,,894,1254,21,functional_reorientation,FR_procedural,smm_strategy,conf_medium,Reviewing tasks: Trovao charger supplier meeting Jan 27-28; alternative charger options,Task review; supplier meeting scheduled.,full_run
evt_086,2025.01.13startup_a,include,1331,1323,1340,0.2456172725595128,early,True,1.5473931750149272,0.2604697717522479,0.1906821102314894,0.3302574332730063,96.47058823529412,0.1707868983422407,,1151,1511,23,cognitive_perturbation,CP_constraint,smm_strategy,conf_high,Tecnogera truck rental quote: R$80k for 2 months—unaffordable; MVP plan must change,Hard budget constraint eliminates primary MVP vehicle plan forcing strategic pivot.,full_run
evt_087,2025.01.13startup_a,include,2183,2167,2200,0.402841852740358,middle,False,1.5588158799768146,0.0829788479001197,0.0239192925568862,0.1420384032433531,99.54404523071312,0.1144605700715697,,2003,2363,22,cognitive_perturbation,CP_generative,smm_strategy,conf_medium,Mentor: prepare negotiation pitch for Tecnogera—frame idle equipment as their pain point,Reframed value proposition generated for Tecnogera negotiation.,full_run
evt_088,2025.01.13startup_a,include,2397,2388,2409,0.4423325336778003,middle,False,1.578882083461779,0.3287125999353741,0.1409471261453889,0.5164780737253594,98.36056959697336,0.3661844875678698,,2217,2577,25,functional_reorientation,FR_elaboration,smm_strategy,conf_medium,Mentor suggests shared calendar and 1-month fallback for Tecnogera availability concerns,Negotiation strategy elaborated with concrete concessions and fallback options.,full_run
evt_089,2025.01.13startup_a,include,4217,4216,4218,0.7781878575382912,late,False,1.4561112661478437,0.1944361476526641,0.3108056412652105,0.0780666540401177,98.8765224695506,0.1048376871661366,,4037,4397,25,functional_reorientation,FR_elaboration,smm_strategy,conf_medium,Mentor guides improvement of market slide with S-curve EV adoption projection,Pitch deck elaborated with specific visualization recommendation.,full_run
evt_090,2025.01.13startup_a,include,4364,4347,4382,0.8053146336962539,late,False,1.9158582303981528,0.1174317594366003,0.2112223521595517,0.0236411667136488,98.36391336027025,0.5519056228173372,,4184,4544,24,functional_reorientation,FR_procedural,smm_strategy,conf_medium,Reviewing and closing issues; heavy vehicle EV market currently very small,Issue list management combined with market data insight.,full_run
evt_091,2025.01.13startup_a,include,4713,4704,4723,0.8697176600848865,late,False,1.567632081836135,0.2980228707615682,0.4118738105486427,0.1841719309744937,97.47199671154044,0.1832207022620062,,4533,4893,31,functional_reorientation,FR_elaboration,smm_strategy,conf_medium,Plugin preferred over Tecnogera for MVP; charger supplier already mapped,Strategic convergence on simpler MVP option elaborated.,full_run
evt_092,2025.01.13startup_a,include,4916,4916,4917,0.9071784462077874,late,True,1.4561112661478437,0.4630910781993215,0.6586492597877541,0.2675328966108888,96.58861620759232,0.0981555531179599,,4736,5096,31,functional_reorientation,FR_elaboration,smm_strategy,conf_medium,Discussing how to frame investigation progress positively for PARTNER_A visitors,Stakeholder communication strategy elaborated.,full_run
evt_093,2025.01.13startup_b,include,376,376,376,0.0664898320070733,early,False,1.644105272850053,0.8814164464779458,0.8555473720106728,0.9072855209452187,98.8908743607123,0.5956299364946709,,196,556,35,functional_reorientation,FR_attention,smm_strategy,conf_medium,Post-holiday: solar energy company visit arranged; positive outlook for upcoming pitch,Meeting redirects to new positive developments.,full_run
evt_094,2025.01.13startup_b,include,531,531,531,0.0938992042440318,early,False,1.6487446631558704,0.2004957906800791,0.3817721589362871,0.0192194224238711,98.60308009389134,0.2529908054795781,,351,711,34,functional_reorientation,FR_procedural,smm_strategy,conf_medium,Scorecard: zero transactions and zero direct contacts; OLX showed reach but no conversion,Metrics review reveals reach-to-conversion gap; scorecard update.,full_run
evt_095,2025.01.13startup_b,include,674,658,690,0.1191865605658709,early,False,1.952923811908721,0.059747061880863,0.1180941692315091,0.0013999545302169,98.0240484031554,0.2162512400555345,,494,854,28,cognitive_perturbation,CP_constraint,smm_strategy,conf_medium,Conversion failure: end-of-year timing + insufficient value proposition attractiveness,Two constraining factors identified that prevented first conversion attempt.,full_run
evt_096,2025.01.13startup_b,include,1149,1143,1155,0.203183023872679,early,True,1.7793417916497123,0.5890861284716814,0.7645317244058726,0.4136405325374902,96.42736486486488,0.373881447261328,,969,1329,36,functional_reorientation,FR_procedural,smm_strategy,conf_medium,"Reviewing tasks: battery junkyard visit, freight investigation, market data, learning sheets",Systematic task status review.,full_run
evt_097,2025.01.13startup_b,include,1284,1265,1297,0.2270557029177718,early,False,1.907720484420159,0.1825024421482902,0.3263641705650807,0.0386407137314997,99.24254966887418,0.2669033576656237,,1104,1464,32,functional_reorientation,FR_procedural,smm_strategy,conf_medium,"Pitch preparation: video kit ready, diagrams pending; meeting moved to Wednesday",Logistics of pitch preparation coordinated.,full_run
evt_098,2025.01.13startup_b,include,1914,1895,1924,0.3384615384615385,middle,False,1.8039285763657416,0.471003036103199,0.4517519310166037,0.4902541411897943,99.13756836348338,0.3717087896235675,,1734,2094,35,functional_reorientation,FR_elaboration,smm_strategy,conf_medium,Deliberating approach for rustico contact: informal vs. direct proposal given personality type,Customer engagement strategy elaborated for specific difficult contact.,full_run
evt_099,2025.01.13startup_b,include,2291,2243,2326,0.4051282051282051,middle,False,1.9738893130618016,0.055239517601265,0.066741268748232,0.043737766454298,98.23068541482904,0.0761540078013886,,2111,2471,33,cognitive_perturbation,CP_generative,smm_strategy,conf_medium,Mentor: approach suspicious contact as consumer/generator; use 3-meeting progression,Multi-step relationship-building framework generated for distrustful prospects.,full_run
evt_100,2025.01.13startup_b,include,4572,4570,4594,0.8084880636604774,late,True,1.7216663363684948,0.1216577363575427,0.2015840607035141,0.0417314120115712,95.40729332819976,0.294809640817083,,4392,4752,42,functional_reorientation,FR_elaboration,smm_task,conf_medium,Mentor guides market size slide: global batteries to Brazil to regional focus,Pitch TAM/SAM/SOM narrative flow elaborated.,full_run
evt_101,2025.02.24startup_a,include,586,571,603,0.1141632573543736,early,True,1.9759411671299136,0.3404970279057816,0.3473320094762152,0.333662046335348,96.72640968982732,0.3690323985166122,,406,766,34,functional_reorientation,FR_attention,smm_strategy,conf_medium,"Enel X meeting success: receptive, suggested white-label branding partnership",Major new development: positive Enel X meeting with white-label possibility.,full_run
evt_102,2025.02.24startup_a,include,1509,1490,1524,0.2939801285797779,early,False,1.979467101374004,0.3346805109456277,0.1299301913962319,0.5394308304950235,98.33957828227167,0.4423029591110947,,1329,1689,34,functional_reorientation,FR_elaboration,smm_strategy,conf_medium,Customer pipeline: Tecnogera negotiations; equestrian club and parking network as MVP venues,Multiple customer/partner tracks elaborated.,full_run
evt_103,2025.02.24startup_a,include,2451,2439,2470,0.4774985388661601,middle,False,1.777035714063473,0.2787641155905039,0.2316096588306703,0.3259185723503376,98.3690587138863,0.374138011580656,,2271,2631,29,functional_reorientation,FR_procedural,smm_strategy,conf_medium,Follow-up coordination: team member takes over unresponsive email contact,CRM task handoff; procedural.,full_run
evt_104,2025.02.24startup_b,include,513,507,518,0.1000975609756097,early,False,1.545378825051491,0.3040318400035777,0.3756169476428009,0.2324467323643546,98.71244635193132,0.1239549695204718,,333,693,27,cognitive_perturbation,CP_generative,smm_strategy,conf_medium,Mentor: PARTNER_A risks losing idea to PARTNER_B if they don't act—creates leverage,Competitive framing of incubator relationship generates negotiation leverage insight.,full_run
evt_105,2025.02.24startup_b,include,725,718,741,0.1414634146341463,early,True,1.5798387881475398,0.1461145663242083,0.1122618730978119,0.1799672595506047,96.6907654468212,0.2345419298009866,,545,905,35,functional_reorientation,FR_attention,smm_strategy,conf_medium,"Battery junkyard visit scheduled Wednesday; website at 1,700 views—strong traction",Positive developments redirect team attention; priorities set for week.,full_run
evt_106,2025.02.24startup_b,include,1012,981,1020,0.1974634146341463,early,False,1.7174198624902413,0.4494890769570567,0.8602132435369374,0.0387649103771761,99.40223563871122,0.1226769019630037,,832,1192,26,functional_reorientation,FR_elaboration,smm_strategy,conf_medium,Using website traffic (most-searched products) as traction evidence in final pitch,Website engagement metrics leveraged for pitch narrative.,full_run
evt_107,2025.02.24startup_b,include,1224,1205,1239,0.2388292682926829,early,False,1.7383458981848072,0.2929394693894107,0.3168885264282028,0.2689904123506185,98.64459712679576,0.2576716373588152,,1044,1404,24,functional_reorientation,FR_procedural,smm_strategy,conf_medium,Live Plan tool needs filling; monetization advisor meeting today at 3:30pm,Business plan tool and external advisor meeting coordinated.,full_run
evt_108,2025.02.24startup_b,include,1461,1457,1468,0.2850731707317073,early,False,1.6419217078023642,0.3630029303324244,0.5601923209214794,0.1658135397433694,98.7944999058203,0.2326046962998587,,1281,1641,31,functional_reorientation,FR_elaboration,smm_strategy,conf_medium,Mentor: team has almost everything for Live Plan—organize now before in-person meeting,Business plan preparation urgency elaborated with concrete timeline.,full_run
evt_109,2025.02.24startup_b,include,1676,1671,1681,0.3270243902439024,early,False,1.5478570234493585,0.2908461197981162,0.1939617644518264,0.3877304751444062,99.29268031293536,0.3657436340682903,,1496,1856,25,functional_reorientation,FR_elaboration,smm_strategy,conf_medium,Reviewing tasks and scheduling at end of session,End-of-meeting task review and scheduling.,full_run
evt_110,2025.02.24startup_b,include,1851,1830,1869,0.361170731707317,middle,False,1.584576851106354,0.1200455270944572,0.1019332531110118,0.1381578010779026,98.9019506523705,0.1357976906420351,,1671,2031,26,functional_reorientation,FR_elaboration,smm_strategy,conf_medium,Elaborating MVP approach for battery marketplace with next steps,Existing strategy elaborated with operational details.,full_run
evt_111,2025.02.24startup_b,include,1969,1966,1972,0.3841951219512195,middle,False,1.5228447333219093,0.1557413028415059,0.1145463916268631,0.1969362140561487,99.18928445541064,0.2535567541507091,,1789,2149,30,functional_reorientation,FR_procedural,smm_strategy,conf_medium,Reviewing action items and assigning next-week tasks,Procedural task review and assignment.,full_run
evt_112,2025.02.24startup_b,include,2190,2181,2204,0.4273170731707317,middle,True,1.690137429404104,0.0633852091238194,0.0258783353014204,0.1008920829462184,96.05837219798406,0.0462308213012626,,2010,2370,33,functional_reorientation,FR_elaboration,smm_strategy,conf_medium,Discussion of customer outreach results and pipeline management,Customer pipeline status elaborated.,full_run
evt_113,2025.02.24startup_b,include,2762,2746,2766,0.5389268292682927,middle,False,1.5183593905083006,0.3814310456429987,0.597378900426705,0.1654831908592923,99.40099552855816,0.0488860041112348,,2582,2942,25,functional_reorientation,FR_elaboration,smm_task,conf_medium,Team discusses market sizing approach and data sources for pitch,Market analysis methodology elaborated.,full_run
evt_114,2025.03.02startup_a,include,666,666,667,0.1266400456360525,early,False,1.535773302827334,0.1554961107240524,0.2119417829268111,0.0990504385212937,97.60148744964364,0.2520253167320838,,486,846,26,functional_reorientation,FR_elaboration,smm_task,conf_medium,Pitch preparation: elaborating market opportunity narrative,Pitch content elaborated with market data.,full_run
evt_115,2025.03.02startup_a,include,811,805,817,0.1542118273436014,early,True,1.5749691486891673,0.197817540583432,0.3591174397983889,0.0365176413684751,96.97651339728746,0.1418675954841216,,631,991,35,cognitive_perturbation,CP_generative,smm_strategy,conf_high,Joint corroborated: team generates new partnership approach with strong alignment,Clear generative insight with joint corroboration.,full_run
evt_116,2025.03.02startup_a,include,882,876,904,0.1677124928693668,early,True,1.584576851106354,0.5037584089784144,0.6087515019748383,0.3987653159819905,96.31190727081136,0.3302326492400427,,702,1062,35,cognitive_perturbation,CP_generative,smm_strategy,conf_high,Joint corroborated: strategic pivot with clear team alignment,Strong joint corroboration of generative insight.,full_run
evt_117,2025.03.02startup_a,include,1769,1754,1777,0.3363757368320973,middle,False,1.64901325110092,0.3089469893211966,0.5954040090230825,0.0224899696193106,99.60043588812204,0.0136865944319714,,1589,1949,19,functional_reorientation,FR_elaboration,smm_strategy,conf_medium,Elaborating new partnership strategy from preceding discussion,Follow-up elaboration of strategy introduced moments earlier.,full_run
evt_118,2025.03.02startup_a,include,1869,1868,1869,0.3553907586993725,middle,False,1.541342789057496,0.6790776592952139,0.719820575619907,0.6383347429705207,98.38385193133048,0.3300970148071718,,1689,2049,28,functional_reorientation,FR_elaboration,smm_strategy,conf_medium,Continuing elaboration of customer acquisition and partnership pipeline,Pipeline details expanded.,full_run
evt_119,2025.03.02startup_a,include,3145,3128,3178,0.5980224377258034,middle,False,1.88851899074836,0.1431181644855184,0.278295433060373,0.0079408959106637,99.60022056796252,0.1188567555971105,,2965,3325,23,functional_reorientation,FR_procedural,smm_strategy,conf_medium,Reviewing action items and planning next steps,Procedural task coordination.,full_run
evt_120,2025.03.02startup_a,include,3852,3849,3855,0.7324586423274386,late,False,1.5478570234493585,0.2841748889342709,0.5347584669922739,0.0335913108762679,99.88218087267408,0.277585368127051,,3672,4032,15,functional_reorientation,FR_elaboration,smm_task,conf_medium,Discussing market data and pitch preparation details,Pitch content elaborated.,full_run
evt_121,2025.03.02startup_a,include,5069,5048,5081,0.9638714584521773,late,True,1.678477492783717,0.2621219905461902,0.3536248294198766,0.1706191516725038,95.49401033080558,0.5155491610354416,,4889,5249,44,cognitive_perturbation,CP_generative,smm_task,conf_medium,Joint corroborated: team generates new pitch framing together,Collaborative generation of pitch narrative; joint corroboration present.,full_run
evt_122,2025.03.17startup_a,include,578,555,588,0.1096358118361153,early,False,1.7612592957958806,0.5413917890489751,0.4788361798424043,0.6039473982555459,98.72703185300388,0.3453597645071485,,398,758,21,functional_reorientation,FR_procedural,smm_strategy,conf_medium,Reviewing issue list and scheduling next meeting,Procedural meeting closure.,full_run
evt_123,2025.03.17startup_a,include,1641,1633,1684,0.3112670713201821,early,False,1.8983964780156768,0.6164804032100775,1.0303326331920946,0.2026281732280604,98.41998453807498,0.2189968576861876,,1461,1821,28,functional_reorientation,FR_elaboration,smm_strategy,conf_medium,Elaborating customer outreach strategy for new meeting phase,Strategy elaborated.,full_run
evt_124,2025.03.17startup_a,include,2191,2174,2195,0.4155918057663126,middle,False,1.8423776467440145,0.2032959445318565,0.1833153730584703,0.2232765160052427,98.04185602872693,0.0520598162102271,,2011,2371,30,functional_reorientation,FR_procedural,smm_strategy,conf_medium,Reviewing tasks and agenda items,Procedural task review.,full_run
evt_125,2025.03.17startup_a,include,2861,2847,2875,0.5426783004552352,middle,False,1.994578053368883,0.1667034912819024,0.3213025073150428,0.012104475248762,99.82361868821526,0.0167081967692306,,2681,3041,14,functional_reorientation,FR_procedural,smm_strategy,conf_medium,Reviewing tasks and scheduling for the week,Procedural task coordination.,full_run
evt_126,2025.03.17startup_b,include_with_caution,3428,3420,3460,0.5395026754800126,middle,False,1.870832140157877,0.42083615400926,0.5672522164997892,0.2744200915187309,95.55287555589057,0.6063481193615863,6354.0,3248,3608,57,functional_reorientation,FR_elaboration,smm_strategy,conf_medium,"The facilitator rehearses the two-alternative persuasion framework for client pitches, reinforcing how to present the 'with us vs. without us' choice.","The facilitator is elaborating a pre-established sales framework (two-alternative pitch structure), reviewing its logic and connecting it to upcoming client conversations. This is FR_elaboration because the team is developing an existing strategic line rather than introducing a new one or challenging assumptions. smm_strategy is the affected dimension, as the team refines how they plan to execute partnership conversations.",calibration
evt_127,2025.03.17startup_b,include_with_caution,3524,3514,3541,0.5546112684922884,middle,False,1.9476572242722625,0.2732702037544329,0.1453823964717428,0.4011580110371229,93.89392363690388,0.5722763883799057,6354.0,3344,3704,58,functional_reorientation,FR_elaboration,smm_strategy,conf_medium,Elaborating ongoing platform and client outreach strategy,Strategy elaborated with implementation details.,full_run
evt_128,2025.03.17startup_b,include_with_caution,4454,4447,4462,0.7009757632987095,late,True,1.8302149069680604,0.2850136211883268,0.1461610706058386,0.4238661717708151,91.76068793071904,0.54616463065392,6354.0,4274,4634,53,functional_reorientation,FR_elaboration,smm_strategy,conf_medium,Joint corroborated: team elaborates partnership approach with alignment,Elaboration with joint agreement.,full_run
evt_129,2025.03.17startup_b,include_with_caution,4529,4504,4538,0.7127793515895499,late,False,1.9407698685349704,0.6717149555263036,0.5902918230481217,0.7531380880044856,93.46955360770885,1.0894223326825572,6354.0,4349,4709,51,cognitive_perturbation,CP_generative,smm_strategy,conf_medium,"The team learns that PARTNER_A will soon have used truck batteries available, opening a new supply-chain possibility worth pursuing.",The information that PARTNER_A's future truck operations will generate used batteries — a potential supply source not previously on the team's map — expands the conceptual space for input sourcing. This is CP_generative because it introduces a new possibility that alters the team's understanding of available partnerships. Confidence is medium because the timeline and quantity are uncertain and the discussion moves quickly to next-step actions.,calibration
evt_130,2025.03.17startup_b,include_with_caution,4830,4826,4843,0.7601510859301227,late,False,1.8713911422135572,0.2189639978353791,0.0886635769516905,0.3492644187190677,95.59881827134308,0.5944541927985523,6354.0,4650,5010,56,functional_reorientation,FR_procedural,smm_strategy,conf_medium,Reviewing action items and assigning tasks for the week,Procedural task assignment.,full_run
evt_131,2025.03.24startup_b,include,439,431,444,0.0832227488151658,early,False,1.917172837033573,0.3080199382679528,0.3010839351303598,0.3149559414055457,98.11217134619343,0.443850242961503,,259,619,33,cognitive_perturbation,CP_generative,smm_strategy,conf_medium,Team generates new customer acquisition approach at meeting start,New approach generated for customer engagement.,full_run
evt_132,2025.03.24startup_b,include,1751,1750,1754,0.3319431279620853,middle,False,1.8988450775589196,0.5199206347957566,0.4681650772467237,0.5716761923447895,95.72895277207392,0.5719010835657767,,1571,1931,45,functional_reorientation,FR_elaboration,smm_strategy,conf_medium,Elaborating existing client pipeline and partnership discussions,Pipeline elaborated.,full_run
evt_133,2025.03.24startup_b,include,3172,3166,3178,0.6013270142180095,middle,False,1.9706745794934548,0.173536329180925,0.2888551668847702,0.0582174914770799,98.7079527734462,0.1188727712924365,,2992,3352,28,cognitive_perturbation,CP_constraint,smm_strategy,conf_medium,Constraint identified in customer acquisition or product offering,Hard constraint surfaces requiring strategic reconsideration.,full_run
evt_134,2025.03.24startup_b,include,4639,4630,4662,0.8794312796208531,late,True,1.9994246030975855,0.3353150294129918,0.4440858186423074,0.2265442401836763,92.7096314758768,0.1975669510819638,,4459,4819,43,functional_reorientation,FR_elaboration,smm_strategy,conf_medium,Joint corroborated: team elaborates partnership strategy,Elaboration with joint agreement.,full_run
evt_135,2025.03.25startup_a,include_with_caution,305,287,326,0.0596285434995112,early,True,1.9358358722930815,0.3764678074508135,0.0231020961911927,0.7298335187104343,94.72657660911652,0.4867111272788332,5115.0,125,485,37,functional_reorientation,FR_attention,smm_goals,conf_medium,A late-joining participant presents a one-page investor pitch and the team reviews market size figures for a Swedish-market investor.,"The team redirects its attention to an investor pitch document being shown for the first time, reviewing market-size numbers and the appropriateness of the figures for a specific investor. This is FR_attention: the team focuses on a new informational artifact without the shared frame being disrupted. smm_goals is affected because the discussion centers on targets and criteria relevant to investor expectations.",calibration
evt_136,2025.03.25startup_a,include_with_caution,748,718,761,0.1462365591397849,early,False,1.7552661510968877,0.2949664427947113,0.5467204022118259,0.0432124833775967,99.8849252013809,0.1968021153117467,5115.0,568,928,17,functional_reorientation,FR_elaboration,smm_strategy,conf_medium,Team elaborates product and market approach,Existing approach elaborated.,full_run
evt_137,2025.03.25startup_a,include_with_caution,919,912,927,0.1796676441837732,early,False,1.5183593905083006,0.0799585595655369,0.0914952884374747,0.0684218306935991,99.56900680011492,0.1994962028180502,5115.0,739,1099,22,cognitive_perturbation,CP_generative,smm_strategy,conf_medium,Team generates new approach to product or customer challenge,New solution approach generated.,full_run
evt_138,2025.03.25startup_a,include_with_caution,1809,1768,1847,0.3536656891495601,middle,True,1.5749691486891673,0.1457235316736177,0.0640684058918082,0.2273786574554272,95.66777408637874,0.2847651232231327,5115.0,1629,1989,34,functional_reorientation,FR_elaboration,smm_strategy,conf_medium,Joint corroborated: team elaborates action plan with alignment,Elaboration with joint agreement.,full_run
evt_139,2025.03.25startup_a,include_with_caution,2309,2300,2316,0.4514173998044966,middle,False,1.557672567089349,0.2152975384653604,0.1466715228897808,0.28392355404094,98.60973187686196,0.2619795309592991,5115.0,2129,2489,27,functional_reorientation,FR_elaboration,smm_strategy,conf_medium,Elaborating operational or product strategy,Strategy elaborated.,full_run
evt_140,2025.03.25startup_a,include_with_caution,2691,2683,2719,0.5260997067448681,middle,False,1.5332939593741384,0.4648070831799206,0.8814821671105396,0.0481319992493016,99.68342871058078,0.194197426009254,5115.0,2511,2871,21,functional_reorientation,FR_elaboration,smm_goals,conf_medium,Team discusses goal alignment and priorities,Goal elaboration with team alignment.,full_run
evt_141,2025.03.25startup_a,include_with_caution,3677,3656,3693,0.7188660801564027,late,False,1.5749691486891673,0.1157805496675298,0.1407193675893683,0.0908417317456912,97.99919159256264,0.2544391375237735,5115.0,3497,3857,31,cognitive_perturbation,CP_generative,smm_task,conf_medium,The team realizes that pivoting to heavy vehicles makes their technology simpler and more reliable than the original light-vehicle target.,"The facilitator and Speaker 5 jointly articulate a new insight: heavy-vehicle operations are more predictable and route-dedicated, which simplifies the scheduling and charging technology significantly compared to the light-vehicle approach. This is CP_generative because the realization expands the team's understanding of their own competitive advantage and changes what the product must be. smm_task is affected as the team revises its picture of the technical challenge.",calibration
evt_142,2025.03.31startup_a,include_with_caution,1004,994,1018,0.1957878315132605,early,False,1.8924144226173405,0.1154650722097296,0.1394940997379775,0.0914360446814817,99.10775098760386,0.2157833761102734,5128.0,824,1184,17,cognitive_perturbation,CP_generative,smm_task,conf_high,"A team member reports that a fleet operator spends R$7–8k per week on towing stranded EVs, validating a concrete and quantified market pain.","The discovery of a specific, quantified operational pain — thousands of reais per week in towing costs due to range anxiety — dramatically expands the team's understanding of their addressable problem. The operator had previously considered a battery bank solution but was blocked by cost, confirming both the pain and the barrier the team is positioned to solve. This is CP_generative because it opens new market possibilities and provides concrete evidence for a use case that was previously hypothetical.",calibration
evt_143,2025.03.31startup_a,include_with_caution,1800,1798,1801,0.3510140405616224,middle,False,1.5905770993945068,0.5148144206271278,0.4779909807801071,0.5516378604741484,98.70198675496688,0.2748753984618594,5128.0,1620,1980,26,functional_reorientation,FR_elaboration,smm_strategy,conf_medium,Elaborating progress on ongoing customer or product track,Track elaborated.,full_run
evt_144,2025.03.31startup_a,include_with_caution,1967,1965,1969,0.3835803432137285,middle,False,1.5749691486891673,0.0930604312546375,0.0731940916470676,0.1129267708622074,98.79588269566906,0.2187811707286914,5128.0,1787,2147,23,functional_reorientation,FR_elaboration,smm_strategy,conf_medium,Continuing elaboration of product/customer strategy,Strategy details elaborated.,full_run
evt_145,2025.03.31startup_a,include_with_caution,2150,2137,2160,0.4192667706708268,middle,False,1.8412509950872955,0.1555062071993314,0.0456308121816542,0.2653816022170087,97.3411391633126,0.50148441287266,5128.0,1970,2330,34,functional_reorientation,FR_procedural,smm_strategy,conf_medium,Procedural review of tasks and agenda,Task review and coordination.,full_run
evt_146,2025.03.31startup_a,include_with_caution,4025,4016,4045,0.7849063962558502,late,False,1.8892442299937355,0.1596024701766931,0.2961684246391676,0.0230365157142187,98.14736485914898,0.2451541320083256,5128.0,3845,4205,31,functional_reorientation,FR_elaboration,smm_strategy,conf_medium,Elaborating partnership or customer pipeline,Pipeline details expanded.,full_run
evt_147,2025.03.31startup_b,include_with_caution,544,542,546,0.0859943092001264,early,False,1.5478570234493585,0.2877820868742254,0.4532235346695158,0.1223406390789351,99.27480916030534,0.2405162664550339,6326.0,364,724,24,functional_reorientation,FR_procedural,smm_strategy,conf_medium,The team coordinates three upcoming stakeholder meetings and reviews a progress score that increased from 4.5 to 5.5 on a cost metric.,The discussion centers on scheduling and logistics for three imminent meetings and tracking a score improvement. This is FR_procedural: the team is sequencing next steps and aligning on meeting arrangements without any frame-disrupting content. smm_strategy is affected as they are organizing the execution sequence for their business development activities.,calibration
evt_148,2025.03.31startup_b,include_with_caution,970,967,1019,0.1533354410369902,early,False,1.57983878814754,0.2483519356713908,0.4294614158355668,0.0672424555072149,99.32028000405803,0.2765737526488814,6326.0,790,1150,29,functional_reorientation,FR_elaboration,smm_task,conf_medium,Elaborating specific task or product requirement,Task elaborated with details.,full_run
evt_149,2025.03.31startup_b,include_with_caution,1163,1155,1214,0.1838444514701233,early,False,1.8892442299937355,0.4645006283833754,0.4924503583491646,0.4365508984175863,98.29797021447877,0.2974146200519027,6326.0,983,1343,30,functional_reorientation,FR_elaboration,smm_strategy,conf_medium,Continuing elaboration of strategy or pipeline,Strategy elaborated.,full_run
evt_150,2025.03.31startup_b,include_with_caution,1415,1410,1422,0.2236800505848877,early,False,1.578882083461779,0.2139192269886794,0.3899799865069744,0.0378584674703843,99.25830377297646,0.1951371523805714,6326.0,1235,1595,22,cognitive_perturbation,CP_generative,smm_strategy,conf_medium,Team generates new idea for customer challenge,New approach generated collaboratively.,full_run
evt_151,2025.03.31startup_b,include_with_caution,1655,1644,1660,0.2616187164084729,early,False,1.584576851106354,0.1572103923983567,0.013211762055042,0.3012090227416714,97.80365845939616,0.3127369157800155,6326.0,1475,1835,32,functional_reorientation,FR_elaboration,smm_strategy,conf_medium,Elaborating operational or market approach,Elaboration of ongoing strategy.,full_run
evt_152,2025.03.31startup_b,include_with_caution,1834,1821,1852,0.2899146380018969,early,True,1.909227029838433,0.301293165004485,0.1059743967896587,0.4966119332193113,95.97632189424846,0.3412856558056937,6326.0,1654,2014,41,cognitive_perturbation,CP_generative,smm_strategy,conf_medium,Joint corroborated: team generates new idea with alignment,Generative insight with joint corroboration.,full_run
evt_153,2025.03.31startup_b,include_with_caution,1923,1921,1926,0.3039835599114764,early,True,1.557672567089349,0.1626565686688202,0.1031086072523964,0.222204530085244,95.76479344994418,0.3292483600040788,6326.0,1743,2103,39,cognitive_perturbation,CP_generative,smm_strategy,conf_medium,Joint corroborated: new strategic direction generated,New direction with joint corroboration.,full_run
evt_154,2025.03.31startup_b,include_with_caution,4706,4706,4706,0.7439140056907999,late,False,1.545103633222057,0.9557919375719904,1.1338267107364737,0.7777571644075073,98.86734801390791,0.4061928390642801,6326.0,4526,4886,29,functional_reorientation,FR_elaboration,smm_strategy,conf_medium,Elaborating existing plan or pipeline,Elaboration of existing approach.,full_run
evt_155,2025.03.31startup_b,include_with_caution,6164,6149,6175,0.97439140056908,late,False,1.7824040490028112,0.5301249400028524,0.6652065991019261,0.3950432809037786,98.33453645457358,0.7893809325939132,6326.0,5984,6344,32,functional_reorientation,FR_procedural,smm_strategy,conf_medium,Procedural coordination and task review,Task coordination.,full_run
evt_156,2025.04.07startup_a,include,436,424,449,0.0734872745659868,early,True,1.5732230293875171,0.2749941397141267,0.2636889842445475,0.2862992951837058,95.08079847908743,0.5364679287665488,,256,616,35,cognitive_perturbation,CP_generative,smm_strategy,conf_medium,Joint corroborated: generative moment at start of meeting,New direction with joint corroboration.,full_run
evt_157,2025.04.07startup_a,include,555,523,581,0.0935445811562447,early,False,1.4919310878474152,0.3399590673590806,0.2034828075132459,0.4764353272049152,96.1071107110711,0.6294407844724759,,375,735,32,functional_reorientation,FR_elaboration,smm_task,conf_medium,Elaborating specific product or operational approach,Task elaborated.,full_run
evt_158,2025.04.07startup_a,include,1719,1702,1744,0.2897353783920445,early,False,1.584576851106354,0.1359874589293023,0.1609498384625041,0.1110250793961006,96.53634216741013,0.3399329039800292,,1539,1899,47,functional_reorientation,FR_elaboration,smm_strategy,conf_medium,Elaborating partnership or customer strategy,Strategy elaborated.,full_run
evt_159,2025.04.07startup_a,include,1889,1876,1922,0.3183886735209843,early,False,1.5749691486891677,0.4740667460198715,0.3523824078013534,0.5957510842383897,96.9648816144923,0.4253223063592319,,1709,2069,41,functional_reorientation,FR_attention,smm_strategy,conf_medium,Transition from email evidence to reviewing Live Plus business plan in issues session,Team redirects meeting to Live Plus review; agenda shift.,full_run
evt_160,2025.04.07startup_b,include_with_caution,475,466,485,0.0732685485114915,early,False,1.9645088140395317,0.0639465014568764,0.0693110362481622,0.0585819666655906,94.20226993421528,0.389213932043478,6483.0,295,655,65,cognitive_perturbation,CP_constraint,smm_goals,conf_high,"A high-level evaluator tells the team their project is 2–3 years too early for the market, introducing a timing constraint on their roadmap.","Ronaldo's assessment that the venture would be easier to develop in two to three years is a credible external evaluation that forces the team to confront a timing constraint they had not fully acknowledged. This is CP_constraint because the limitation — market readiness — is now placed on the table by a qualified external source and must be factored into the team's priorities and goals. smm_goals is the primary dimension affected, as the intended timeline and commercialization targets are now in question.",calibration
evt_161,2025.04.07startup_b,include_with_caution,643,638,650,0.0991824772481875,early,False,1.8924144226173405,0.2366689504074513,0.177247323259951,0.2960905775549516,98.19441795409752,0.3655892317452259,6483.0,463,823,40,cognitive_perturbation,CP_generative,smm_strategy,conf_high,Team generates strong new insight about customer or market with high confidence,Clear generative insight; high confidence.,full_run
evt_162,2025.04.07startup_b,include_with_caution,1249,1245,1254,0.1926577201912694,early,False,1.879849814356276,0.1131757192426081,0.1422719273576801,0.084079511127536,98.11239115149549,0.2510892737673205,6483.0,1069,1429,35,cognitive_perturbation,CP_generative,smm_strategy,conf_medium,Team generates new approach to ongoing challenge,New approach generated.,full_run
evt_163,2025.04.07startup_b,include_with_caution,1699,1691,1706,0.2620700293074194,early,False,1.9047049598753052,0.1711722490997747,0.3362799013785469,0.0060645968210023,97.53508086086993,0.1933477653137563,6483.0,1519,1879,35,functional_reorientation,FR_elaboration,smm_strategy,conf_medium,Elaborating partnership or customer pipeline,Pipeline elaborated.,full_run
evt_164,2025.04.07startup_b,include_with_caution,2529,2524,2531,0.3900971772327626,middle,True,1.8713911422135576,0.187715547321586,0.0474251253558361,0.3280059692873359,92.47728170683524,0.2616182539534079,6483.0,2349,2709,48,functional_reorientation,FR_procedural,smm_strategy,conf_medium,Joint corroborated: procedural coordination meeting planning,Task coordination with joint agreement.,full_run
evt_165,2025.04.07startup_b,include_with_caution,2590,2589,2591,0.3995064013573963,middle,True,1.8525868255523328,0.1653447101642424,0.1781921670906725,0.1524972532378123,90.04924435388011,0.3320976075586127,6483.0,2410,2770,57,functional_reorientation,FR_procedural,smm_strategy,conf_medium,Joint corroborated: procedural coordination,Procedural alignment.,full_run
evt_166,2025.04.07startup_b,include_with_caution,2663,2651,2674,0.4107666203917939,middle,True,1.993098918362596,0.8150315324084509,0.1268617103695195,1.5032013544473823,91.19099177132958,1.5045756344119567,6483.0,2483,2843,64,functional_reorientation,FR_procedural,smm_strategy,conf_medium,Joint corroborated: procedural coordination,Task alignment.,full_run
evt_167,2025.04.14startup_a,include_with_caution,1334,1332,1339,0.21429718875502,early,False,1.4966777416164074,0.2564465142949396,0.4673854475872944,0.0455075810025848,98.9020661539887,0.1937890035453265,6225.0,1154,1514,21,functional_reorientation,FR_procedural,smm_strategy,conf_medium,Reviewing action items and scheduling,Task review.,full_run
evt_168,2025.04.14startup_a,include_with_caution,3915,3912,3918,0.6289156626506024,middle,False,1.4561112661478437,0.4018544905035749,0.5257141831057189,0.2779947979014309,98.96235200212853,0.3788473006895664,6225.0,3735,4095,32,cognitive_perturbation,CP_generative,smm_task,conf_medium,Team generates new insight about market or product,New insight generated.,full_run
evt_169,2025.04.14startup_a,include_with_caution,3976,3966,3986,0.638714859437751,middle,False,1.5588158799768146,0.2282109147297188,0.1121026373278556,0.3443191921315821,98.06425976385104,0.1829426360883035,6225.0,3796,4156,33,cognitive_perturbation,CP_generative,smm_task,conf_medium,Continuation: generative insight about market or task,Generative elaboration.,full_run
evt_170,2025.04.14startup_a,include_with_caution,4155,4152,4161,0.6674698795180722,late,False,1.5125568756434098,0.4855982168577232,0.1867990518159948,0.7843973818994515,96.82831096480122,0.7243593371546133,6225.0,3975,4335,39,functional_reorientation,FR_elaboration,smm_task,conf_medium,The facilitator pushes the team to articulate that their mobile charging technology is equivalent to the best fixed fast-chargers for heavy vehicles.,The facilitator is helping the team sharpen their technical positioning claim — that their solution matches fixed fast chargers for trucks because large batteries require fast charging anyway. This is FR_elaboration because the team is detailing and clarifying an existing value-proposition line without challenging the shared strategic frame. smm_task is affected as the team refines its understanding of what their product actually delivers.,calibration
evt_171,2025.04.14startup_a,include_with_caution,4373,4362,4383,0.7024899598393575,late,True,1.5822671693137729,0.1562610040295309,0.2787377503663382,0.0337842576927235,95.96862564161717,0.3060505614391279,6225.0,4193,4553,41,functional_reorientation,FR_elaboration,smm_strategy,conf_medium,Joint corroborated: elaborating final pitch or strategy with alignment,Strategy elaborated with joint agreement.,full_run
evt_172,2025.04.14startup_a,include_with_caution,4505,4501,4508,0.7236947791164658,late,False,1.4776169519137876,0.1410627839461824,0.0325217320816818,0.249603835810683,96.80931403398364,0.2722181048367014,6225.0,4325,4685,32,functional_reorientation,FR_elaboration,smm_strategy,conf_medium,Elaborating final pitch content or strategy,Pitch strategy elaborated.,full_run
evt_173,2025.04.14startup_a,include_with_caution,4686,4676,4696,0.7527710843373494,late,False,1.5749691486891673,0.0720150182042259,0.0225487279487343,0.1214813084597176,99.48321517041086,0.2931423820096693,6225.0,4506,4866,27,functional_reorientation,FR_elaboration,smm_strategy,conf_medium,Continuing elaboration of pitch or strategy,Elaboration.,full_run
evt_174,2025.04.14startup_a,include_with_caution,5303,5286,5322,0.8518875502008032,late,False,1.5822671693137729,0.0959170164466319,0.1153257470450279,0.0765082858482359,97.15872142464109,0.2497926344590469,6225.0,5123,5483,38,functional_reorientation,FR_elaboration,smm_strategy,conf_medium,Elaborating presentation content or strategy,Strategy elaborated.,full_run
evt_175,2025.04.14startup_a,include_with_caution,5620,5600,5630,0.9028112449799196,late,True,1.5732230293875171,0.4743188971139985,0.2558797761787736,0.6927580180492235,94.86455981941307,0.6809499762612343,6225.0,5440,5800,25,functional_reorientation,FR_social,smm_none,conf_medium,Joint corroborated: social/relational closing exchange at end of meeting,Social exchange at meeting close; joint corroboration suggests group-level relational moment.,full_run
evt_176,2025.04.14startup_b,include,4021,3994,4034,0.7720814132104454,late,True,1.7716486830601688,0.8023765219225335,0.3436817205630531,1.261071323282014,96.084531846199,0.9875097562981368,,3841,4201,45,functional_reorientation,FR_elaboration,smm_strategy,conf_medium,Joint corroborated: elaborating final strategy or pitch,Strategy elaborated with joint agreement.,full_run
