event_id,meeting_id,quality_label,peak_second,onset_second,offset_second,temporal_position,timing_bin,joint_corroborated,peak_entropy,combined_delta,z_delta_entropy,z_delta_pct_det,peak_pct_det,peak_rmse,meeting_duration_seconds,window_start_second,window_end_second,segment_n_turns,trigger_type,trigger_subtype,smm_dimension,confidence,content_summary,justification,classifier,diagnosis_group,cal_trigger_type,cal_trigger_subtype,cal_content_summary,cal_justification
evt_003,2024.10.14startup_a,include,2169,2169,2175,0.3953700328107911,middle,False,1.6724333972231755,0.4613866804289026,0.8840623076615752,0.03871105319623,99.59482729513456,0.2493057295439473,5486.0,1989,2349,30,functional_reorientation,FR_elaboration,smm_strategy,conf_medium,The team discusses two MVP paths: partnering with a supplier and finding an initial client to make the MVP concrete.,"The team is elaborating an existing line of action (MVP development), detailing two concrete next steps without disrupting the shared frame. No competing interpretations or frame-challenging content appears; the conversation builds on the established problem and converts it into structured tasks.",calibration,gold_standard,functional_reorientation,FR_elaboration,The team discusses two MVP paths: partnering with a supplier and finding an initial client to make the MVP concrete.,"The team is elaborating an existing line of action (MVP development), detailing two concrete next steps without disrupting the shared frame. No competing interpretations or frame-challenging content appears; the conversation builds on the established problem and converts it into structured tasks."
evt_012,2024.10.25startup_a,include,4115,4109,4121,0.7826169646253328,late,False,1.8264095982718984,0.3257218412634497,0.3383654094066352,0.3130782731202642,98.22203845358692,0.3278478816525227,5258.0,3935,4295,25,cognitive_perturbation,CP_divergence,smm_strategy,conf_high,"Team members actively debate whether to prioritize Plugin or PARTNER_D as a strategic partner, contrasting risk and fit.","Competing strategic interpretations are explicitly contrasted: Speaker 3 and Speaker 2 favor Plugin for better fit and independence, while Speaker 1 questions whether partnering with Plugin would actually damage the PARTNER_D relationship. The divergence involves different assumptions about partner dynamics, making this a CP_divergence event. The SMM dimension affected is smm_strategy, as the team's shared plan for partner sequencing is under active dispute.",calibration,gold_standard,cognitive_perturbation,CP_divergence,"Team members actively debate whether to prioritize Plugin or PARTNER_D as a strategic partner, contrasting risk and fit.","Competing strategic interpretations are explicitly contrasted: Speaker 3 and Speaker 2 favor Plugin for better fit and independence, while Speaker 1 questions whether partnering with Plugin would actually damage the PARTNER_D relationship. The divergence involves different assumptions about partner dynamics, making this a CP_divergence event. The SMM dimension affected is smm_strategy, as the team's shared plan for partner sequencing is under active dispute."
evt_019,2024.10.28startup_b,include,2143,2140,2147,0.3952416082626337,middle,True,1.872718699644523,0.2373245017356089,0.0516934574800552,0.4229555459911625,94.2528735632184,0.4641320732405143,5422.0,1963,2323,57,cognitive_perturbation,CP_generative,smm_task,conf_medium,"During a task-list review, a team member proposes explicitly quantifying the battery and hybrid vehicle market size as a strategic necessity.","Speaker 4 introduces a new conceptual need — to define and quantify the battery/hybrid market — beyond the ongoing task-list review, expanding the team's shared picture of what the project must deliver. This is CP_generative because the idea opens a new analytical space rather than opposing an existing assumption. Confidence is medium because the generative moment is embedded within procedural review, making the boundary somewhat diffuse.",calibration,gold_standard,cognitive_perturbation,CP_generative,"During a task-list review, a team member proposes explicitly quantifying the battery and hybrid vehicle market size as a strategic necessity.","Speaker 4 introduces a new conceptual need — to define and quantify the battery/hybrid market — beyond the ongoing task-list review, expanding the team's shared picture of what the project must deliver. This is CP_generative because the idea opens a new analytical space rather than opposing an existing assumption. Confidence is medium because the generative moment is embedded within procedural review, making the boundary somewhat diffuse."
evt_024,2024.11.04startup_a,include,2067,2059,2071,0.3931152529478889,middle,True,1.5822671693137729,0.2912067448177779,0.2118045173857411,0.3706089722498147,96.7304060434372,0.2803375988691166,5258.0,1887,2247,35,cognitive_perturbation,CP_generative,smm_strategy,conf_high,The facilitator introduces a reframing strategy for accessing fire-department officials by positioning the startup as already operational rather than prospective.,"The facilitator reveals a new strategic possibility: instead of presenting as a future project, the team should frame themselves as currently dealing with an EV charging issue at a real location, triggering a regulatory obligation to respond. This expands the team's conceptual space for accessing gatekeepers, making it CP_generative. The SMM dimension is smm_strategy because the team's plan for institutional access is fundamentally reoriented.",calibration,gold_standard,cognitive_perturbation,CP_generative,The facilitator introduces a reframing strategy for accessing fire-department officials by positioning the startup as already operational rather than prospective.,"The facilitator reveals a new strategic possibility: instead of presenting as a future project, the team should frame themselves as currently dealing with an EV charging issue at a real location, triggering a regulatory obligation to respond. This expands the team's conceptual space for accessing gatekeepers, making it CP_generative. The SMM dimension is smm_strategy because the team's plan for institutional access is fundamentally reoriented."
evt_031,2024.11.04startup_b,include,2954,2945,2964,0.5826429980276134,middle,True,1.902921308304606,0.3102170251926836,0.158119196109076,0.4623148542762912,93.7897235622942,0.3834222714994538,5070.0,2774,3134,44,functional_reorientation,FR_elaboration,smm_task,conf_medium,The facilitator and team develop a bottom-up method for estimating market size using average part prices from junkyards.,"The discussion elaborates an existing analytical task (market sizing), detailing a practical methodology without disrupting the team's shared frame. The facilitator is helping refine how to approach an acknowledged task rather than introducing a new possibility or challenging an assumption. smm_task is affected because the team is clarifying the nature and scope of their market analysis deliverable.",calibration,gold_standard,functional_reorientation,FR_elaboration,The facilitator and team develop a bottom-up method for estimating market size using average part prices from junkyards.,"The discussion elaborates an existing analytical task (market sizing), detailing a practical methodology without disrupting the team's shared frame. The facilitator is helping refine how to approach an acknowledged task rather than introducing a new possibility or challenging an assumption. smm_task is affected because the team is clarifying the nature and scope of their market analysis deliverable."
evt_033,2024.11.11startup_a,include,650,640,662,0.123574144486692,early,False,1.8587074247758677,0.1255029069291896,0.0043365390157667,0.2466692748426124,98.53879066763542,0.3057630039345056,5260.0,470,830,29,cognitive_perturbation,CP_generative,smm_strategy,conf_high,"The team discovers a well-connected Brazilian contact and a major electric-mobility investment fund, opening new partnership and investor paths.",The discovery of a new contact with ready-made industry connections and the identification of Evolution (an electric-mobility company with R$200M in regional investment) substantially expands the team's strategic horizon in ways that were not previously anticipated. This is CP_generative: new possibilities enter the conceptual space and alter the team's view of what partnerships and funding paths are available. The facilitator's reframing of how to use the contact before approaching the Indian partner reinforces the generative character of the event.,calibration,gold_standard,cognitive_perturbation,CP_generative,"The team discovers a well-connected Brazilian contact and a major electric-mobility investment fund, opening new partnership and investor paths.",The discovery of a new contact with ready-made industry connections and the identification of Evolution (an electric-mobility company with R$200M in regional investment) substantially expands the team's strategic horizon in ways that were not previously anticipated. This is CP_generative: new possibilities enter the conceptual space and alter the team's view of what partnerships and funding paths are available. The facilitator's reframing of how to use the contact before approaching the Indian partner reinforces the generative character of the event.
evt_042,2024.11.11startup_b,include,2732,2728,2736,0.4915437207628643,middle,True,1.966665652338337,0.2871246403448523,0.0263242127312134,0.5479250679584913,90.67502668089648,0.922019493734835,5558.0,2552,2912,59,cognitive_perturbation,CP_constraint,smm_constraints,conf_medium,"A team member clarifies that only used parts may be sourced, and identifies an unowned task for finding a client's requested part with pricing.","Speaker 3 establishes that the circular-economy commitment restricts part sourcing to used items, ruling out new-part platforms and narrowing the feasible search space. This is CP_constraint because a clarified limitation (used-only) changes what is permissible in the team's operation. The debate about used versus new sources (t=2715–2733) reflects the constraint being internalized. smm_constraints is the primary dimension affected.",calibration,gold_standard,cognitive_perturbation,CP_constraint,"A team member clarifies that only used parts may be sourced, and identifies an unowned task for finding a client's requested part with pricing.","Speaker 3 establishes that the circular-economy commitment restricts part sourcing to used items, ruling out new-part platforms and narrowing the feasible search space. This is CP_constraint because a clarified limitation (used-only) changes what is permissible in the team's operation. The debate about used versus new sources (t=2715–2733) reflects the constraint being internalized. smm_constraints is the primary dimension affected."
evt_046,2024.11.18startup_a,include,714,698,731,0.1327384272169548,early,True,1.9158582303981528,0.0118400209833558,0.0087453117502126,0.0149347302164989,96.61435469710273,0.0976935004899132,5379.0,534,894,26,functional_reorientation,FR_procedural,smm_strategy,conf_medium,"The facilitator leads a structured 45-day goal review, confirming tracking status across operations, market, and finance.","The window is dominated by a structured check-in on progress metrics, reviewing whether each goal dimension is on track. This is FR_procedural: the team is moving through a standardized review protocol and coordinating next-step tasks without challenging the shared frame. The '99' mention adds a new thread but does not disrupt the overall logic. smm_strategy is affected because the team is aligning on plan status.",calibration,gold_standard,functional_reorientation,FR_procedural,"The facilitator leads a structured 45-day goal review, confirming tracking status across operations, market, and finance.","The window is dominated by a structured check-in on progress metrics, reviewing whether each goal dimension is on track. This is FR_procedural: the team is moving through a standardized review protocol and coordinating next-step tasks without challenging the shared frame. The '99' mention adds a new thread but does not disrupt the overall logic. smm_strategy is affected because the team is aligning on plan status."
evt_052,2024.11.18startup_b,include,321,316,335,0.0601236186551788,early,True,1.8942465552913723,0.0744057661122667,0.0793903198761558,0.0694212123483775,94.5861893881696,0.2689321418967462,5339.0,141,501,47,cognitive_perturbation,CP_constraint,smm_strategy,conf_medium,"The team learns of a potentially better-positioned competitor with existing software embedded in multiple junkyards, limiting their assumed uniqueness.","The competitor's existing software network gives them catalogue access across junkyards, which introduces a new limitation on the team's assumed competitive position. This is CP_constraint because the rival's structural advantage constrains what the team can claim as unique and shapes what differentiation they must articulate. Confidence is medium because the competitor's status is still unconfirmed — they plan to meet him — and the window contains both threat framing and reframing as potential partner.",calibration,gold_standard,cognitive_perturbation,CP_constraint,"The team learns of a potentially better-positioned competitor with existing software embedded in multiple junkyards, limiting their assumed uniqueness.","The competitor's existing software network gives them catalogue access across junkyards, which introduces a new limitation on the team's assumed competitive position. This is CP_constraint because the rival's structural advantage constrains what the team can claim as unique and shapes what differentiation they must articulate. Confidence is medium because the competitor's status is still unconfirmed — they plan to meet him — and the window contains both threat framing and reframing as potential partner."
evt_062,2024.12.09startup_a,include,2958,2945,2961,0.5487940630797774,middle,True,1.855786642545942,0.2931798987208748,0.3730228357054944,0.2133369617362553,95.27165264832917,0.2885442218269713,5390.0,2778,3138,42,cognitive_perturbation,CP_generative,smm_strategy,conf_high,"The facilitator introduces a four-stakeholder B2B sales framework — influencer, user, decision-maker, and final approver — expanding the team's view of how to sell.","The facilitator introduces a new conceptual model that reframes the team's sales challenge: instead of treating a gatekeeper as a blocker, they should sell to all four stakeholder types simultaneously. This is CP_generative because it opens a new strategic possibility and reorganizes the team's shared understanding of their sales process. smm_strategy is the affected dimension, as the team's approach to client acquisition is fundamentally enriched.",calibration,gold_standard,cognitive_perturbation,CP_generative,"The facilitator introduces a four-stakeholder B2B sales framework — influencer, user, decision-maker, and final approver — expanding the team's view of how to sell.","The facilitator introduces a new conceptual model that reframes the team's sales challenge: instead of treating a gatekeeper as a blocker, they should sell to all four stakeholder types simultaneously. This is CP_generative because it opens a new strategic possibility and reorganizes the team's shared understanding of their sales process. smm_strategy is the affected dimension, as the team's approach to client acquisition is fundamentally enriched."
evt_072,2024.12.23startup_a,include,1491,1480,1498,0.2791612057667103,early,True,1.7218367324208503,0.094658023605049,0.156739090595105,0.032576956614993,95.84535037804972,0.0859682312350179,5341.0,1311,1671,33,functional_reorientation,FR_elaboration,smm_strategy,conf_medium,"The team works out the MVP vehicle and charger logistics, discovering that one battery unit supports two simultaneous charging outputs.","The discussion elaborates the MVP execution plan, detailing which vehicles and charger configurations are feasible and setting targets for February–March. The revelation that one battery can support two charging outputs is a practical clarification that helps plan better rather than a frame-disrupting insight. FR_elaboration fits because the team is detailing an existing operational plan without challenging shared assumptions.",calibration,gold_standard,functional_reorientation,FR_elaboration,"The team works out the MVP vehicle and charger logistics, discovering that one battery unit supports two simultaneous charging outputs.","The discussion elaborates the MVP execution plan, detailing which vehicles and charger configurations are feasible and setting targets for February–March. The revelation that one battery can support two charging outputs is a practical clarification that helps plan better rather than a frame-disrupting insight. FR_elaboration fits because the team is detailing an existing operational plan without challenging shared assumptions."
evt_082,2024.12.23startup_b,include,4971,4971,4972,0.9018505079825836,late,True,1.6289738159006806,0.4641401835028561,0.2776593481639117,0.6506210188418005,93.85793965459312,0.8127723548390308,5512.0,4791,5151,52,functional_reorientation,FR_elaboration,smm_task,conf_medium,"The team synthesizes customer discovery results, concluding that off-grid is the most promising segment based on two client responses out of four contacts.","The team is consolidating and interpreting their early customer discovery data, with the facilitator framing the 50% response rate as a reasonable funnel metric. This is FR_elaboration: the team is developing their understanding of an existing analytical task (segment validation) rather than introducing a frame-disrupting idea. smm_task is affected as the team refines their picture of what the market analysis should establish.",calibration,gold_standard,functional_reorientation,FR_elaboration,"The team synthesizes customer discovery results, concluding that off-grid is the most promising segment based on two client responses out of four contacts.","The team is consolidating and interpreting their early customer discovery data, with the facilitator framing the 50% response rate as a reasonable funnel metric. This is FR_elaboration: the team is developing their understanding of an existing analytical task (segment validation) rather than introducing a frame-disrupting idea. smm_task is affected as the team refines their picture of what the market analysis should establish."
evt_126,2025.03.17startup_b,include_with_caution,3428,3420,3460,0.5395026754800126,middle,False,1.870832140157877,0.42083615400926,0.5672522164997892,0.2744200915187309,95.55287555589057,0.6063481193615863,6354.0,3248,3608,57,functional_reorientation,FR_elaboration,smm_strategy,conf_medium,"The facilitator rehearses the two-alternative persuasion framework for client pitches, reinforcing how to present the 'with us vs. without us' choice.","The facilitator is elaborating a pre-established sales framework (two-alternative pitch structure), reviewing its logic and connecting it to upcoming client conversations. This is FR_elaboration because the team is developing an existing strategic line rather than introducing a new one or challenging assumptions. smm_strategy is the affected dimension, as the team refines how they plan to execute partnership conversations.",calibration,gold_standard,functional_reorientation,FR_elaboration,"The facilitator rehearses the two-alternative persuasion framework for client pitches, reinforcing how to present the 'with us vs. without us' choice.","The facilitator is elaborating a pre-established sales framework (two-alternative pitch structure), reviewing its logic and connecting it to upcoming client conversations. This is FR_elaboration because the team is developing an existing strategic line rather than introducing a new one or challenging assumptions. smm_strategy is the affected dimension, as the team refines how they plan to execute partnership conversations."
evt_129,2025.03.17startup_b,include_with_caution,4529,4504,4538,0.7127793515895499,late,False,1.9407698685349704,0.6717149555263036,0.5902918230481217,0.7531380880044856,93.46955360770885,1.0894223326825572,6354.0,4349,4709,51,cognitive_perturbation,CP_generative,smm_strategy,conf_medium,"The team learns that PARTNER_A will soon have used truck batteries available, opening a new supply-chain possibility worth pursuing.",The information that PARTNER_A's future truck operations will generate used batteries — a potential supply source not previously on the team's map — expands the conceptual space for input sourcing. This is CP_generative because it introduces a new possibility that alters the team's understanding of available partnerships. Confidence is medium because the timeline and quantity are uncertain and the discussion moves quickly to next-step actions.,calibration,gold_standard,cognitive_perturbation,CP_generative,"The team learns that PARTNER_A will soon have used truck batteries available, opening a new supply-chain possibility worth pursuing.",The information that PARTNER_A's future truck operations will generate used batteries — a potential supply source not previously on the team's map — expands the conceptual space for input sourcing. This is CP_generative because it introduces a new possibility that alters the team's understanding of available partnerships. Confidence is medium because the timeline and quantity are uncertain and the discussion moves quickly to next-step actions.
evt_135,2025.03.25startup_a,include_with_caution,305,287,326,0.0596285434995112,early,True,1.9358358722930815,0.3764678074508135,0.0231020961911927,0.7298335187104343,94.72657660911652,0.4867111272788332,5115.0,125,485,37,functional_reorientation,FR_attention,smm_goals,conf_medium,A late-joining participant presents a one-page investor pitch and the team reviews market size figures for a Swedish-market investor.,"The team redirects its attention to an investor pitch document being shown for the first time, reviewing market-size numbers and the appropriateness of the figures for a specific investor. This is FR_attention: the team focuses on a new informational artifact without the shared frame being disrupted. smm_goals is affected because the discussion centers on targets and criteria relevant to investor expectations.",calibration,gold_standard,functional_reorientation,FR_attention,A late-joining participant presents a one-page investor pitch and the team reviews market size figures for a Swedish-market investor.,"The team redirects its attention to an investor pitch document being shown for the first time, reviewing market-size numbers and the appropriateness of the figures for a specific investor. This is FR_attention: the team focuses on a new informational artifact without the shared frame being disrupted. smm_goals is affected because the discussion centers on targets and criteria relevant to investor expectations."
evt_141,2025.03.25startup_a,include_with_caution,3677,3656,3693,0.7188660801564027,late,False,1.5749691486891673,0.1157805496675298,0.1407193675893683,0.0908417317456912,97.99919159256264,0.2544391375237735,5115.0,3497,3857,31,cognitive_perturbation,CP_generative,smm_task,conf_medium,The team realizes that pivoting to heavy vehicles makes their technology simpler and more reliable than the original light-vehicle target.,"The facilitator and Speaker 5 jointly articulate a new insight: heavy-vehicle operations are more predictable and route-dedicated, which simplifies the scheduling and charging technology significantly compared to the light-vehicle approach. This is CP_generative because the realization expands the team's understanding of their own competitive advantage and changes what the product must be. smm_task is affected as the team revises its picture of the technical challenge.",calibration,gold_standard,cognitive_perturbation,CP_generative,The team realizes that pivoting to heavy vehicles makes their technology simpler and more reliable than the original light-vehicle target.,"The facilitator and Speaker 5 jointly articulate a new insight: heavy-vehicle operations are more predictable and route-dedicated, which simplifies the scheduling and charging technology significantly compared to the light-vehicle approach. This is CP_generative because the realization expands the team's understanding of their own competitive advantage and changes what the product must be. smm_task is affected as the team revises its picture of the technical challenge."
evt_142,2025.03.31startup_a,include_with_caution,1004,994,1018,0.1957878315132605,early,False,1.8924144226173405,0.1154650722097296,0.1394940997379775,0.0914360446814817,99.10775098760386,0.2157833761102734,5128.0,824,1184,17,cognitive_perturbation,CP_generative,smm_task,conf_high,"A team member reports that a fleet operator spends R$7–8k per week on towing stranded EVs, validating a concrete and quantified market pain.","The discovery of a specific, quantified operational pain — thousands of reais per week in towing costs due to range anxiety — dramatically expands the team's understanding of their addressable problem. The operator had previously considered a battery bank solution but was blocked by cost, confirming both the pain and the barrier the team is positioned to solve. This is CP_generative because it opens new market possibilities and provides concrete evidence for a use case that was previously hypothetical.",calibration,gold_standard,cognitive_perturbation,CP_generative,"A team member reports that a fleet operator spends R$7–8k per week on towing stranded EVs, validating a concrete and quantified market pain.","The discovery of a specific, quantified operational pain — thousands of reais per week in towing costs due to range anxiety — dramatically expands the team's understanding of their addressable problem. The operator had previously considered a battery bank solution but was blocked by cost, confirming both the pain and the barrier the team is positioned to solve. This is CP_generative because it opens new market possibilities and provides concrete evidence for a use case that was previously hypothetical."
evt_147,2025.03.31startup_b,include_with_caution,544,542,546,0.0859943092001264,early,False,1.5478570234493585,0.2877820868742254,0.4532235346695158,0.1223406390789351,99.27480916030534,0.2405162664550339,6326.0,364,724,24,functional_reorientation,FR_procedural,smm_strategy,conf_medium,The team coordinates three upcoming stakeholder meetings and reviews a progress score that increased from 4.5 to 5.5 on a cost metric.,The discussion centers on scheduling and logistics for three imminent meetings and tracking a score improvement. This is FR_procedural: the team is sequencing next steps and aligning on meeting arrangements without any frame-disrupting content. smm_strategy is affected as they are organizing the execution sequence for their business development activities.,calibration,gold_standard,functional_reorientation,FR_procedural,The team coordinates three upcoming stakeholder meetings and reviews a progress score that increased from 4.5 to 5.5 on a cost metric.,The discussion centers on scheduling and logistics for three imminent meetings and tracking a score improvement. This is FR_procedural: the team is sequencing next steps and aligning on meeting arrangements without any frame-disrupting content. smm_strategy is affected as they are organizing the execution sequence for their business development activities.
evt_160,2025.04.07startup_b,include_with_caution,475,466,485,0.0732685485114915,early,False,1.9645088140395317,0.0639465014568764,0.0693110362481622,0.0585819666655906,94.20226993421528,0.389213932043478,6483.0,295,655,65,cognitive_perturbation,CP_constraint,smm_goals,conf_high,"A high-level evaluator tells the team their project is 2–3 years too early for the market, introducing a timing constraint on their roadmap.","Ronaldo's assessment that the venture would be easier to develop in two to three years is a credible external evaluation that forces the team to confront a timing constraint they had not fully acknowledged. This is CP_constraint because the limitation — market readiness — is now placed on the table by a qualified external source and must be factored into the team's priorities and goals. smm_goals is the primary dimension affected, as the intended timeline and commercialization targets are now in question.",calibration,gold_standard,cognitive_perturbation,CP_constraint,"A high-level evaluator tells the team their project is 2–3 years too early for the market, introducing a timing constraint on their roadmap.","Ronaldo's assessment that the venture would be easier to develop in two to three years is a credible external evaluation that forces the team to confront a timing constraint they had not fully acknowledged. This is CP_constraint because the limitation — market readiness — is now placed on the table by a qualified external source and must be factored into the team's priorities and goals. smm_goals is the primary dimension affected, as the intended timeline and commercialization targets are now in question."
evt_170,2025.04.14startup_a,include_with_caution,4155,4152,4161,0.6674698795180722,late,False,1.5125568756434098,0.4855982168577232,0.1867990518159948,0.7843973818994515,96.82831096480122,0.7243593371546133,6225.0,3975,4335,39,functional_reorientation,FR_elaboration,smm_task,conf_medium,The facilitator pushes the team to articulate that their mobile charging technology is equivalent to the best fixed fast-chargers for heavy vehicles.,The facilitator is helping the team sharpen their technical positioning claim — that their solution matches fixed fast chargers for trucks because large batteries require fast charging anyway. This is FR_elaboration because the team is detailing and clarifying an existing value-proposition line without challenging the shared strategic frame. smm_task is affected as the team refines its understanding of what their product actually delivers.,calibration,gold_standard,functional_reorientation,FR_elaboration,The facilitator pushes the team to articulate that their mobile charging technology is equivalent to the best fixed fast-chargers for heavy vehicles.,The facilitator is helping the team sharpen their technical positioning claim — that their solution matches fixed fast chargers for trucks because large batteries require fast charging anyway. This is FR_elaboration because the team is detailing and clarifying an existing value-proposition line without challenging the shared strategic frame. smm_task is affected as the team refines its understanding of what their product actually delivers.
evt_173,2025.04.14startup_a,include_with_caution,4686,4676,4696,0.7527710843373494,late,False,1.5749691486891673,0.0720150182042259,0.0225487279487343,0.1214813084597176,99.48321517041086,0.2931423820096693,6225.0,4506,4866,27,functional_reorientation,FR_elaboration,smm_strategy,conf_medium,Continuing elaboration of pitch or strategy,Elaboration.,full_run,fr_to_cp_flip,,,,
evt_025,2024.11.04startup_a,include,2254,2217,2290,0.4286801065043742,middle,False,1.9673799723810663,0.474856941265761,0.0374833862158586,0.9122304963156632,97.2017896413134,0.4613557437766082,5258.0,2074,2434,40,functional_reorientation,FR_procedural,smm_strategy,conf_medium,Team discards macro-risk issues (policy incentives) as uncontrollable external variables,Environmental analysis applied to prune unactionable issues from backlog.,full_run,fr_to_cp_flip,,,,
evt_008,2024.10.25startup_a,include,2343,2340,2347,0.4456066945606695,middle,False,1.801263060910678,0.2883785289146148,0.2666820051595505,0.310075052669679,96.32104620248616,0.5371347711986251,5258.0,2163,2523,58,functional_reorientation,FR_elaboration,smm_strategy,conf_medium,Discussing sales patience with unresponsive contact; mentor advises multi-front approach,Customer acquisition strategy elaborated with sales persistence guidance.,full_run,fr_to_cp_flip,,,,
evt_090,2025.01.13startup_a,include,4364,4347,4382,0.8053146336962539,late,False,1.9158582303981528,0.1174317594366003,0.2112223521595517,0.0236411667136488,98.36391336027025,0.5519056228173372,,4184,4544,24,functional_reorientation,FR_procedural,smm_strategy,conf_medium,Reviewing and closing issues; heavy vehicle EV market currently very small,Issue list management combined with market data insight.,full_run,fr_to_cp_flip,,,,
evt_077,2024.12.23startup_a,include,4171,4159,4179,0.780939898895338,late,False,1.919083984380127,0.326053117717838,0.3150458860127926,0.3370603494228836,98.45795518432254,0.4077777776895472,5341.0,3991,4351,34,functional_reorientation,FR_elaboration,smm_task,conf_medium,Need configurable AC charger per vehicle type; pricing at ~R$3.50/kWh confirmed,Technical charger requirement and pricing formalized as product requirements.,full_run,fr_to_cp_flip,,,,
evt_071,2024.12.16startup_b,include,4512,4495,4524,0.8538985616956851,late,False,1.9839020752860697,0.2714084873730646,0.1395452022012292,0.4032717725449001,97.24273369992144,0.4563567756492421,,4332,4692,44,functional_reorientation,FR_elaboration,smm_strategy,conf_medium,Target customer discussion: farm/business EV users; agricultural contact identified,Customer segmentation elaborated with B2B farm use case.,full_run,fr_to_cp_flip,,,,
evt_026,2024.11.04startup_a,include,2339,2337,2341,0.4448459490300494,middle,False,1.6491180744499614,0.127779665662052,0.2510661807956847,0.0044931505284194,98.46275335614637,0.2432790417788022,5258.0,2159,2519,40,functional_reorientation,FR_procedural,smm_strategy,conf_medium,Discarding EV sales growth from issues list as uncontrollable external variable,Same logic applied to second macro variable; issue list cleanup continues.,full_run,fr_to_cp_flip,,,,
evt_023,2024.11.04startup_a,include,1969,1967,1972,0.3744769874476987,middle,False,1.5732230293875171,0.3835910143400695,0.4254137690048847,0.3417682596752542,97.29033768361911,0.2000432924582483,5258.0,1789,2149,29,functional_reorientation,FR_procedural,smm_strategy,conf_medium,Mentor closes discussion positively; team transitions to next issue,Positive topic closure with procedural handoff.,full_run,fr_to_cp_flip,,,,
evt_064,2024.12.09startup_a,include,4187,4172,4225,0.776808905380334,late,False,1.9919185379284217,0.2955208215012453,0.487847071721269,0.1031945712812215,97.96539066596748,0.1745854661801264,5390.0,4007,4367,24,functional_reorientation,FR_procedural,smm_strategy,conf_medium,Closing and linking issues; waiting for magazine feature before closing MVP issue,Procedural issue management.,full_run,fr_to_cp_flip,,,,
evt_130,2025.03.17startup_b,include_with_caution,4830,4826,4843,0.7601510859301227,late,False,1.8713911422135572,0.2189639978353791,0.0886635769516905,0.3492644187190677,95.59881827134308,0.5944541927985523,6354.0,4650,5010,56,functional_reorientation,FR_procedural,smm_strategy,conf_medium,Reviewing action items and assigning tasks for the week,Procedural task assignment.,full_run,fr_to_cp_flip,,,,
evt_029,2024.11.04startup_b,include,795,784,802,0.1568047337278106,early,False,1.942656883962336,0.1150122134844897,0.1614478230381732,0.0685766039308062,98.27661431064573,0.28022667088363,5070.0,615,975,36,functional_reorientation,FR_procedural,smm_strategy,conf_medium,Logistics for obtaining photos from Diplomata desmanche for catalog,Operational task follow-up; procedural status update.,full_run,fr_to_cp_flip,,,,
evt_158,2025.04.07startup_a,include,1719,1702,1744,0.2897353783920445,early,False,1.584576851106354,0.1359874589293023,0.1609498384625041,0.1110250793961006,96.53634216741013,0.3399329039800292,,1539,1899,47,functional_reorientation,FR_elaboration,smm_strategy,conf_medium,Elaborating partnership or customer strategy,Strategy elaborated.,full_run,fr_to_cp_flip,,,,
evt_047,2024.11.18startup_a,include,823,815,831,0.1530024168060977,early,False,1.554965937118681,0.2959363884109617,0.4618315530770622,0.1300412237448611,97.6027397260274,0.087551247255317,5379.0,643,1003,24,functional_reorientation,FR_procedural,smm_strategy,conf_medium,Positive team sentiment about 99; transitioning to scorecard action items review,Social check-in followed by procedural shift to task list.,full_run,fr_to_cp_flip,,,,
evt_067,2024.12.16startup_b,include,977,974,978,0.184897804693414,early,False,1.8631390856781755,0.3354173444089423,0.4207713110852483,0.2500633777326363,97.56966716556197,0.2573322799009693,,797,1157,44,functional_reorientation,FR_elaboration,smm_strategy,conf_medium,Updated scorecards with new KPIs: contacts-to-transaction funnel metrics,Measurement framework elaborated with granular leading indicators.,full_run,fr_to_cp_flip,,,,
evt_073,2024.12.23startup_a,include,1723,1711,1750,0.3225987642763527,early,True,1.9098288311060592,0.4514361936798196,0.5341682045971108,0.3687041827625283,95.77948756256067,0.3303933103600048,5341.0,1543,1903,40,functional_reorientation,FR_procedural,smm_strategy,conf_medium,Reviewing completed market research tasks; TAM/SAM scope questions raised,Task status review with definitional clarification subthread.,full_run,fr_to_cp_flip,,,,
evt_143,2025.03.31startup_a,include_with_caution,1800,1798,1801,0.3510140405616224,middle,False,1.5905770993945068,0.5148144206271278,0.4779909807801071,0.5516378604741484,98.70198675496688,0.2748753984618594,5128.0,1620,1980,26,functional_reorientation,FR_elaboration,smm_strategy,conf_medium,Elaborating progress on ongoing customer or product track,Track elaborated.,full_run,fr_to_cp_flip,,,,
evt_014,2024.10.28startup_b,include,736,713,749,0.1357432681667281,early,False,1.923537757401148,0.2748382982476344,0.1055557079659115,0.4441208885293574,98.3810523159946,0.4631638169273239,5422.0,556,916,36,functional_reorientation,FR_elaboration,smm_strategy,conf_medium,Market insights from auto-electric training course; team reviews KTH scorecard,Market intelligence shared; scorecard reviewed procedurally.,full_run,fr_to_cp_flip,,,,
evt_148,2025.03.31startup_b,include_with_caution,970,967,1019,0.1533354410369902,early,False,1.57983878814754,0.2483519356713908,0.4294614158355668,0.0672424555072149,99.32028000405803,0.2765737526488814,6326.0,790,1150,29,functional_reorientation,FR_elaboration,smm_task,conf_medium,Elaborating specific task or product requirement,Task elaborated with details.,full_run,fr_to_cp_flip,,,,
evt_058,2024.11.18startup_b,include,2732,2720,2753,0.5117063120434538,middle,False,1.9978467171869156,0.3242339697396046,0.3304356873928091,0.3180322520864,97.20789322852698,0.4423345294758922,5339.0,2552,2912,36,functional_reorientation,FR_elaboration,smm_strategy,conf_medium,Mentor reinforces structured learning documentation for OLX and search-based tests,Hypothesis-testing methodology deepened.,full_run,fr_to_cp_flip,,,,
evt_119,2025.03.02startup_a,include,3145,3128,3178,0.5980224377258034,middle,False,1.88851899074836,0.1431181644855184,0.278295433060373,0.0079408959106637,99.60022056796252,0.1188567555971105,,2965,3325,23,functional_reorientation,FR_procedural,smm_strategy,conf_medium,Reviewing action items and planning next steps,Procedural task coordination.,full_run,fr_to_cp_flip,,,,
