method,meeting_id,metric_x,metric_y,r,p_value,n
per_meeting,2024.10.14startup_a,entropy,pct_det,-0.34484765423187097,3.3744212357856314e-156,5486
per_meeting,2024.10.14startup_a,entropy,rmse,0.14671511463735085,9.26468641822712e-28,5463
per_meeting,2024.10.14startup_a,pct_det,rmse,-0.3895075994167296,8.47430639056357e-203,5463
per_meeting,2024.10.14startup_b,entropy,pct_det,-0.6341427434874448,0.0,6045
per_meeting,2024.10.14startup_b,entropy,rmse,0.3811202119136513,7.11574555732616e-213,6022
per_meeting,2024.10.14startup_b,pct_det,rmse,-0.47008661819594033,0.0,6022
per_meeting,2024.10.25startup_a,entropy,pct_det,-0.2679042866470399,3.576244488518775e-88,5258
per_meeting,2024.10.25startup_a,entropy,rmse,0.0548387961815442,7.168756291232379e-05,5235
per_meeting,2024.10.25startup_a,pct_det,rmse,-0.4498213768406884,4.912208133644171e-269,5235
per_meeting,2024.10.28startup_b,entropy,pct_det,-0.41177439143354566,8.094936028910864e-228,5422
per_meeting,2024.10.28startup_b,entropy,rmse,0.140618628881366,2.521525971321101e-25,5399
per_meeting,2024.10.28startup_b,pct_det,rmse,-0.3256637025206104,4.6508257762630955e-136,5399
per_meeting,2024.11.04startup_a,entropy,pct_det,-0.0988490915245478,6.517979244188204e-13,5258
per_meeting,2024.11.04startup_a,entropy,rmse,0.07106899671769162,2.614828572879689e-07,5235
per_meeting,2024.11.04startup_a,pct_det,rmse,-0.2992583527741116,1.914354969625968e-110,5235
per_meeting,2024.11.04startup_b,entropy,pct_det,-0.3895840068333055,1.966062396393284e-188,5070
per_meeting,2024.11.04startup_b,entropy,rmse,0.25386177041927854,7.199439245965891e-76,5047
per_meeting,2024.11.04startup_b,pct_det,rmse,-0.4728559418511321,1.8116266933112236e-291,5047
per_meeting,2024.11.11startup_a,entropy,pct_det,-0.26155546466123236,5.736254272478426e-84,5260
per_meeting,2024.11.11startup_a,entropy,rmse,0.010108781168423276,0.4645600680544831,5237
per_meeting,2024.11.11startup_a,pct_det,rmse,-0.4299643211122291,1.0954516891294725e-242,5237
per_meeting,2024.11.11startup_b,entropy,pct_det,-0.47934247773151584,0.0,5558
per_meeting,2024.11.11startup_b,entropy,rmse,0.2726029139472228,4.203962290019631e-96,5535
per_meeting,2024.11.11startup_b,pct_det,rmse,-0.3866627975392159,3.805541796752573e-202,5535
per_meeting,2024.11.18startup_a,entropy,pct_det,-0.4414052656539853,1.274767168605422e-264,5379
per_meeting,2024.11.18startup_a,entropy,rmse,0.21932014270291203,8.195156520181347e-60,5356
per_meeting,2024.11.18startup_a,pct_det,rmse,-0.46461483734014536,1.0702183856686542e-296,5356
per_meeting,2024.11.18startup_b,entropy,pct_det,-0.4051159798065044,2.5480335459923214e-216,5339
per_meeting,2024.11.18startup_b,entropy,rmse,0.19242281733503916,8.799699344620135e-46,5316
per_meeting,2024.11.18startup_b,pct_det,rmse,-0.4631701661863381,2.318563924755105e-292,5316
per_meeting,2024.12.02startup_b,entropy,pct_det,-0.5556353116266393,0.0,5421
per_meeting,2024.12.02startup_b,entropy,rmse,0.19840287953247984,2.3322333795941316e-49,5398
per_meeting,2024.12.02startup_b,pct_det,rmse,-0.2846854284141565,1.4160781050412476e-102,5398
per_meeting,2024.12.09startup_a,entropy,pct_det,-0.302013413751091,7.340258113597573e-116,5390
per_meeting,2024.12.09startup_a,entropy,rmse,-0.02671445095763159,0.050345795865715505,5367
per_meeting,2024.12.09startup_a,pct_det,rmse,-0.3659762589824104,8.0457189829047625e-174,5367
per_meeting,2024.12.13startup_a,entropy,pct_det,-0.39901508123992696,5.7561144766856174e-204,5206
per_meeting,2024.12.13startup_a,entropy,rmse,0.1840139098578182,6.339454297063058e-41,5183
per_meeting,2024.12.13startup_a,pct_det,rmse,-0.39348089392420715,7.085364579319624e-197,5183
per_meeting,2024.12.16startup_b,entropy,pct_det,-0.22494337531509775,4.146079579197648e-62,5284
per_meeting,2024.12.16startup_b,entropy,rmse,0.14517280537159644,2.926719549030978e-26,5261
per_meeting,2024.12.16startup_b,pct_det,rmse,-0.4403154272381276,2.137315012664661e-257,5261
per_meeting,2024.12.23startup_a,entropy,pct_det,-0.35478818128353384,1.0022135801008539e-161,5341
per_meeting,2024.12.23startup_a,entropy,rmse,0.17847596010459604,1.646880134183912e-39,5318
per_meeting,2024.12.23startup_a,pct_det,rmse,-0.39984928820843985,2.7831051856027656e-209,5318
per_meeting,2024.12.23startup_b,entropy,pct_det,-0.41065981198146906,3.662683266394967e-230,5512
per_meeting,2024.12.23startup_b,entropy,rmse,0.24956019136750346,1.5722447083881945e-79,5489
per_meeting,2024.12.23startup_b,pct_det,rmse,-0.4378029270267742,5.724977375466511e-265,5489
per_meeting,2025.01.06startup_a,entropy,pct_det,-0.4868652588912834,0.0,5685
per_meeting,2025.01.06startup_a,entropy,rmse,0.15935074753912395,1.1869382932502965e-33,5662
per_meeting,2025.01.06startup_a,pct_det,rmse,-0.3144015932098471,2.3932659087684006e-132,5662
per_meeting,2025.01.06startup_b,entropy,pct_det,-0.5107579401900826,0.0,5847
per_meeting,2025.01.06startup_b,entropy,rmse,0.2182248586951222,3.1139644619747884e-64,5824
per_meeting,2025.01.06startup_b,pct_det,rmse,-0.40631078946463756,2.3917598807564424e-237,5824
per_meeting,2025.01.13startup_a,entropy,pct_det,-0.058985071321165095,1.3866692708712759e-05,5419
per_meeting,2025.01.13startup_a,entropy,rmse,-0.09417078865441883,4.028525681792317e-12,5396
per_meeting,2025.01.13startup_a,pct_det,rmse,-0.1082024201283328,1.4957358161065258e-15,5396
per_meeting,2025.01.13startup_b,entropy,pct_det,-0.441791722085801,1.17849018727904e-278,5655
per_meeting,2025.01.13startup_b,entropy,rmse,0.19258336964829365,1.7658684967909723e-48,5632
per_meeting,2025.01.13startup_b,pct_det,rmse,-0.444975461246112,3.778794110510625e-282,5632
per_meeting,2025.02.10startup_b,entropy,pct_det,-0.4520742708574199,2.133490851913348e-281,5414
per_meeting,2025.02.10startup_b,entropy,rmse,0.3669944841013572,1.1963591821200642e-175,5391
per_meeting,2025.02.10startup_b,pct_det,rmse,-0.49610556083462176,0.0,5391
per_meeting,2025.02.24startup_a,entropy,pct_det,-0.43785063443722866,5.642145258706828e-248,5133
per_meeting,2025.02.24startup_a,entropy,rmse,0.16387198449644383,3.174348437550522e-32,5110
per_meeting,2025.02.24startup_a,pct_det,rmse,-0.3981770226039451,2.620982838270934e-199,5110
per_meeting,2025.02.24startup_b,entropy,pct_det,-0.26070768601570754,2.5630324743066203e-81,5125
per_meeting,2025.02.24startup_b,entropy,rmse,0.054181899741458435,0.00010760318509102232,5102
per_meeting,2025.02.24startup_b,pct_det,rmse,-0.40361909093498904,4.189276012421201e-205,5102
per_meeting,2025.03.02startup_a,entropy,pct_det,-0.4735766512711797,1.0190530741540075e-304,5259
per_meeting,2025.03.02startup_a,entropy,rmse,0.21960746917679286,1.148036310859473e-58,5236
per_meeting,2025.03.02startup_a,pct_det,rmse,-0.5219327071344682,0.0,5236
per_meeting,2025.03.17startup_a,entropy,pct_det,-0.19900616736044635,1.542531936740198e-48,5272
per_meeting,2025.03.17startup_a,entropy,rmse,0.07271515637898762,1.320209539577828e-07,5249
per_meeting,2025.03.17startup_a,pct_det,rmse,-0.4002259074867196,5.0229984603815404e-207,5249
per_meeting,2025.03.17startup_b,entropy,pct_det,-0.5618138156289114,0.0,6354
per_meeting,2025.03.17startup_b,entropy,rmse,0.3750009025169466,7.003318387630596e-216,6331
per_meeting,2025.03.17startup_b,pct_det,rmse,-0.5321207637927365,0.0,6331
per_meeting,2025.03.24startup_b,entropy,pct_det,-0.4436166015650836,1.5409244108291013e-262,5275
per_meeting,2025.03.24startup_b,entropy,rmse,0.1404662465665434,1.2525441811950421e-24,5252
per_meeting,2025.03.24startup_b,pct_det,rmse,-0.4181070257176675,1.909729880763919e-228,5252
per_meeting,2025.03.25startup_a,entropy,pct_det,-0.4045568602202406,1.0892970119236055e-206,5115
per_meeting,2025.03.25startup_a,entropy,rmse,0.10924302070581152,5.10411834497947e-15,5092
per_meeting,2025.03.25startup_a,pct_det,rmse,-0.405894548520379,2.7252582140198804e-207,5092
per_meeting,2025.03.31startup_a,entropy,pct_det,-0.43027555082266233,4.549253690531566e-238,5128
per_meeting,2025.03.31startup_a,entropy,rmse,0.2279981576628673,1.0245961243008125e-61,5105
per_meeting,2025.03.31startup_a,pct_det,rmse,-0.36276044119706047,2.739286920762146e-162,5105
per_meeting,2025.03.31startup_b,entropy,pct_det,-0.4469938663941872,5.474e-320,6326
per_meeting,2025.03.31startup_b,entropy,rmse,0.2842579134355921,4.4232540027731187e-119,6303
per_meeting,2025.03.31startup_b,pct_det,rmse,-0.48414770712957034,0.0,6303
per_meeting,2025.04.07startup_a,entropy,pct_det,-0.4357978788940538,3.006485289887889e-283,5933
per_meeting,2025.04.07startup_a,entropy,rmse,0.26520748888343165,7.777078167302405e-97,5910
per_meeting,2025.04.07startup_a,pct_det,rmse,-0.40081183981092666,1.3210449454560182e-233,5910
per_meeting,2025.04.07startup_b,entropy,pct_det,-0.372831187229999,3.1819503672294034e-218,6483
per_meeting,2025.04.07startup_b,entropy,rmse,0.11129413609086296,2.7004765934645046e-19,6460
per_meeting,2025.04.07startup_b,pct_det,rmse,-0.33308534700443493,2.0642423264005397e-170,6460
per_meeting,2025.04.14startup_a,entropy,pct_det,-0.5238955776535781,0.0,6225
per_meeting,2025.04.14startup_a,entropy,rmse,0.23060116481233345,2.5512529934503407e-76,6202
per_meeting,2025.04.14startup_a,pct_det,rmse,-0.4574741517155204,0.0,6202
per_meeting,2025.04.14startup_b,entropy,pct_det,-0.4661861182016683,7.671619809287875e-291,5208
per_meeting,2025.04.14startup_b,entropy,rmse,0.13388034793714731,3.1437045068955694e-22,5185
per_meeting,2025.04.14startup_b,pct_det,rmse,-0.29198927646012063,6.201660753976274e-104,5185
pooled_sample_20pct,ALL,entropy,pct_det,-0.46955571840002186,0.0,37260
pooled_sample_20pct,ALL,entropy,rmse,0.2618653076083483,0.0,37260
pooled_sample_20pct,ALL,pct_det,rmse,-0.504304632405706,0.0,37260
per_meeting_average,ALL,entropy,pct_det,-0.3937988057720426,0.02046049895919151,34
per_meeting_average,ALL,entropy,rmse,0.17361464790928058,0.3287983257238919,34
per_meeting_average,ALL,pct_det,rmse,-0.4015899291753926,0.01782063800595088,34
