second,speaker_id
0,1
1,1
2,1
3,1
4,1
5,1
6,2
7,2
8,2
9,2
10,2
11,2
12,2
13,2
14,2
15,2
16,2
17,2
18,1
19,1
20,1
21,1
22,1
23,1
24,1
25,1
26,1
27,2
28,2
29,2
30,2
31,1
32,1
33,1
34,1
35,1
36,1
37,1
38,1
39,1
40,1
41,1
42,1
43,1
44,1
45,1
46,1
47,3
48,3
49,1
50,1
51,1
52,1
53,1
54,1
55,1
56,1
57,1
58,1
59,1
60,1
61,1
62,1
63,1
64,1
65,1
66,1
67,4
68,4
69,4
70,3
71,3
72,3
73,3
74,3
75,3
76,3
77,3
78,3
79,1
80,3
81,3
82,3
83,3
84,3
85,3
86,3
87,3
88,3
89,3
90,3
91,3
92,5
93,5
94,5
95,5
96,5
97,5
98,5
99,5
100,5
101,5
102,5
103,5
104,5
105,5
106,5
107,5
108,5
109,5
110,5
111,5
112,5
113,5
114,5
115,5
116,5
117,5
118,5
119,5
120,5
121,5
122,1
123,1
124,1
125,1
126,1
127,5
128,5
129,5
130,5
131,5
132,5
133,5
134,5
135,5
136,5
137,5
138,5
139,5
140,5
141,5
142,5
143,5
144,5
145,5
146,5
147,5
148,5
149,5
150,5
151,5
152,5
153,5
154,5
155,5
156,5
157,5
158,5
159,5
160,5
161,5
162,5
163,5
164,5
165,5
166,1
167,1
168,1
169,1
170,5
171,1
172,1
173,1
174,1
175,1
176,1
177,1
178,1
179,1
180,1
181,5
182,5
183,1
184,5
185,5
186,1
187,1
188,1
189,1
190,5
191,5
192,5
193,5
194,5
195,5
196,1
197,5
198,5
199,5
200,3
201,3
202,3
203,5
204,5
205,5
206,5
207,5
208,3
209,1
210,1
211,1
212,3
213,3
214,3
215,3
216,3
217,3
218,3
219,3
220,3
221,3
222,3
223,3
224,3
225,3
226,3
227,3
228,3
229,3
230,3
231,3
232,3
233,3
234,3
235,3
236,3
237,3
238,3
239,3
240,3
241,3
242,3
243,3
244,3
245,3
246,3
247,3
248,3
249,3
250,3
251,3
252,3
253,3
254,3
255,1
256,1
257,1
258,3
259,3
260,3
261,3
262,3
263,3
264,3
265,3
266,3
267,3
268,3
269,3
270,3
271,3
272,3
273,3
274,3
275,3
276,3
277,3
278,3
279,3
280,3
281,3
282,3
283,3
284,3
285,3
286,3
287,3
288,3
289,3
290,3
291,3
292,3
293,3
294,3
295,3
296,3
297,3
298,3
299,3
300,3
301,3
302,3
303,1
304,1
305,1
306,1
307,1
308,1
309,1
310,1
311,1
312,1
313,1
314,1
315,1
316,1
317,1
318,1
319,1
320,1
321,1
322,1
323,1
324,1
325,1
326,1
327,1
328,1
329,1
330,1
331,1
332,1
333,1
334,1
335,1
336,1
337,1
338,1
339,1
340,1
341,1
342,1
343,1
344,1
345,1
346,1
347,1
348,1
349,1
350,1
351,3
352,1
353,1
354,1
355,1
356,1
357,1
358,1
359,1
360,1
361,1
362,1
363,1
364,1
365,1
366,1
367,1
368,1
369,1
370,1
371,1
372,1
373,1
374,1
375,1
376,1
377,1
378,1
379,1
380,1
381,1
382,1
383,1
384,1
385,1
386,1
387,1
388,1
389,1
390,1
391,1
392,1
393,1
394,1
395,1
396,1
397,1
398,1
399,1
400,1
401,1
402,1
403,1
404,1
405,1
406,1
407,1
408,1
409,1
410,1
411,3
412,1
413,1
414,1
415,1
416,1
417,1
418,1
419,1
420,1
421,1
422,1
423,1
424,3
425,3
426,3
427,3
428,3
429,1
430,1
431,1
432,1
433,1
434,1
435,1
436,1
437,1
438,1
439,1
440,1
441,1
442,3
443,3
444,3
445,3
446,3
447,3
448,3
449,3
450,3
451,3
452,3
453,1
454,1
455,1
456,1
457,1
458,1
459,1
460,1
461,1
462,1
463,1
464,1
465,1
466,1
467,1
468,1
469,1
470,1
471,1
472,1
473,1
474,1
475,1
476,1
477,1
478,3
479,3
480,3
481,3
482,3
483,3
484,3
485,3
486,3
487,3
488,3
489,3
490,3
491,3
492,3
493,5
494,5
495,5
496,5
497,5
498,5
499,5
500,5
501,5
502,5
503,5
504,5
505,5
506,5
507,5
508,5
509,5
510,5
511,5
512,5
513,5
514,5
515,5
516,5
517,3
518,3
519,3
520,3
521,3
522,3
523,5
524,5
525,5
526,5
527,5
528,1
529,1
530,1
531,1
532,1
533,5
534,5
535,5
536,5
537,5
538,5
539,5
540,5
541,5
542,5
543,5
544,5
545,5
546,5
547,5
548,5
549,5
550,5
551,5
552,5
553,5
554,5
555,5
556,5
557,5
558,5
559,5
560,5
561,5
562,5
563,5
564,5
565,3
566,3
567,3
568,3
569,3
570,3
571,3
572,3
573,3
574,3
575,3
576,3
577,2
578,2
579,2
580,2
581,2
582,1
583,1
584,1
585,2
586,2
587,2
588,2
589,2
590,2
591,2
592,2
593,2
594,2
595,2
596,2
597,2
598,2
599,2
600,2
601,2
602,2
603,2
604,2
605,3
606,3
607,3
608,3
609,3
610,3
611,3
612,3
613,3
614,3
615,3
616,3
617,3
618,3
619,3
620,3
621,3
622,3
623,3
624,3
625,3
626,3
627,3
628,3
629,3
630,3
631,3
632,3
633,3
634,3
635,3
636,3
637,3
638,3
639,3
640,3
641,3
642,3
643,3
644,3
645,3
646,3
647,3
648,3
649,3
650,3
651,3
652,3
653,3
654,3
655,3
656,3
657,3
658,3
659,3
660,3
661,3
662,3
663,3
664,3
665,3
666,3
667,3
668,3
669,3
670,3
671,3
672,3
673,3
674,3
675,3
676,3
677,3
678,3
679,3
680,3
681,3
682,3
683,3
684,3
685,3
686,3
687,3
688,3
689,3
690,3
691,3
692,3
693,3
694,3
695,3
696,3
697,3
698,3
699,3
700,3
701,3
702,3
703,3
704,3
705,3
706,3
707,3
708,3
709,3
710,3
711,3
712,3
713,3
714,3
715,3
716,3
717,3
718,3
719,3
720,3
721,3
722,3
723,3
724,3
725,3
726,3
727,3
728,3
729,3
730,3
731,3
732,3
733,3
734,3
735,3
736,3
737,3
738,3
739,3
740,3
741,3
742,3
743,3
744,3
745,3
746,3
747,3
748,3
749,3
750,3
751,3
752,3
753,3
754,3
755,3
756,3
757,3
758,3
759,3
760,3
761,3
762,3
763,3
764,3
765,3
766,3
767,3
768,3
769,3
770,3
771,3
772,3
773,3
774,3
775,3
776,3
777,3
778,3
779,3
780,3
781,3
782,3
783,3
784,3
785,3
786,3
787,3
788,3
789,3
790,3
791,1
792,1
793,1
794,1
795,1
796,3
797,3
798,3
799,3
800,3
801,3
802,3
803,3
804,3
805,3
806,3
807,3
808,3
809,3
810,3
811,3
812,3
813,3
814,3
815,3
816,3
817,3
818,3
819,3
820,3
821,3
822,3
823,3
824,3
825,3
826,1
827,1
828,1
829,1
830,1
831,1
832,1
833,1
834,1
835,1
836,1
837,1
838,1
839,1
840,1
841,1
842,1
843,1
844,1
845,1
846,1
847,1
848,1
849,1
850,1
851,1
852,1
853,1
854,1
855,1
856,1
857,1
858,1
859,1
860,1
861,1
862,1
863,1
864,1
865,1
866,1
867,1
868,1
869,1
870,1
871,1
872,1
873,1
874,1
875,3
876,3
877,3
878,3
879,3
880,3
881,3
882,3
883,3
884,3
885,3
886,3
887,3
888,3
889,3
890,3
891,3
892,3
893,3
894,3
895,3
896,3
897,3
898,3
899,3
900,3
901,3
902,3
903,3
904,3
905,3
906,3
907,3
908,3
909,3
910,3
911,3
912,3
913,3
914,3
915,3
916,3
917,3
918,3
919,3
920,3
921,3
922,3
923,3
924,3
925,3
926,3
927,3
928,3
929,3
930,3
931,3
932,3
933,3
934,3
935,3
936,3
937,3
938,3
939,3
940,3
941,3
942,3
943,3
944,3
945,3
946,3
947,3
948,3
949,3
950,3
951,3
952,3
953,3
954,3
955,3
956,3
957,3
958,3
959,3
960,3
961,3
962,3
963,3
964,3
965,3
966,3
967,3
968,3
969,3
970,3
971,3
972,3
973,3
974,3
975,3
976,3
977,3
978,3
979,3
980,3
981,3
982,3
983,3
984,3
985,3
986,3
987,3
988,3
989,3
990,3
991,3
992,3
993,5
994,5
995,5
996,5
997,5
998,5
999,5
1000,5
1001,5
1002,5
1003,5
1004,5
1005,5
1006,5
1007,5
1008,5
1009,5
1010,5
1011,5
1012,5
1013,5
1014,5
1015,5
1016,5
1017,5
1018,5
1019,5
1020,5
1021,5
1022,5
1023,5
1024,5
1025,3
1026,3
1027,3
1028,3
1029,3
1030,3
1031,3
1032,3
1033,3
1034,3
1035,3
1036,3
1037,3
1038,3
1039,3
1040,3
1041,5
1042,5
1043,5
1044,5
1045,5
1046,5
1047,1
1048,1
1049,1
1050,1
1051,1
1052,1
1053,1
1054,1
1055,1
1056,1
1057,1
1058,1
1059,1
1060,1
1061,1
1062,1
1063,1
1064,1
1065,1
1066,1
1067,1
1068,1
1069,1
1070,1
1071,1
1072,1
1073,1
1074,1
1075,1
1076,1
1077,1
1078,3
1079,1
1080,1
1081,1
1082,1
1083,1
1084,1
1085,1
1086,1
1087,1
1088,1
1089,1
1090,1
1091,1
1092,1
1093,1
1094,1
1095,1
1096,1
1097,1
1098,1
1099,1
1100,1
1101,1
1102,1
1103,1
1104,1
1105,1
1106,1
1107,1
1108,1
1109,1
1110,1
1111,1
1112,1
1113,1
1114,1
1115,1
1116,1
1117,1
1118,1
1119,1
1120,1
1121,1
1122,1
1123,1
1124,1
1125,1
1126,1
1127,1
1128,1
1129,1
1130,1
1131,1
1132,1
1133,1
1134,1
1135,1
1136,1
1137,1
1138,1
1139,1
1140,1
1141,1
1142,1
1143,1
1144,1
1145,1
1146,1
1147,1
1148,1
1149,1
1150,1
1151,1
1152,1
1153,1
1154,1
1155,1
1156,1
1157,1
1158,1
1159,1
1160,1
1161,1
1162,1
1163,1
1164,1
1165,1
1166,1
1167,1
1168,1
1169,1
1170,1
1171,1
1172,1
1173,1
1174,1
1175,1
1176,1
1177,1
1178,1
1179,1
1180,1
1181,1
1182,3
1183,3
1184,3
1185,3
1186,3
1187,3
1188,3
1189,3
1190,3
1191,3
1192,3
1193,3
1194,3
1195,1
1196,1
1197,1
1198,1
1199,1
1200,1
1201,1
1202,1
1203,1
1204,1
1205,3
1206,3
1207,3
1208,3
1209,3
1210,3
1211,3
1212,3
1213,3
1214,3
1215,3
1216,2
1217,2
1218,2
1219,2
1220,3
1221,3
1222,3
1223,3
1224,3
1225,3
1226,3
1227,3
1228,3
1229,3
1230,3
1231,3
1232,3
1233,3
1234,3
1235,3
1236,3
1237,3
1238,3
1239,3
1240,3
1241,3
1242,3
1243,3
1244,3
1245,3
1246,3
1247,3
1248,3
1249,3
1250,5
1251,5
1252,5
1253,5
1254,5
1255,5
1256,5
1257,5
1258,5
1259,5
1260,5
1261,5
1262,5
1263,5
1264,5
1265,5
1266,5
1267,5
1268,5
1269,5
1270,5
1271,5
1272,5
1273,5
1274,5
1275,5
1276,1
1277,1
1278,1
1279,1
1280,5
1281,5
1282,1
1283,1
1284,1
1285,1
1286,1
1287,1
1288,1
1289,1
1290,1
1291,1
1292,1
1293,1
1294,1
1295,1
1296,1
1297,1
1298,1
1299,1
1300,1
1301,1
1302,1
1303,1
1304,5
1305,5
1306,5
1307,5
1308,5
1309,5
1310,5
1311,5
1312,1
1313,1
1314,1
1315,1
1316,1
1317,1
1318,1
1319,1
1320,1
1321,1
1322,1
1323,1
1324,1
1325,1
1326,1
1327,1
1328,1
1329,1
1330,1
1331,1
1332,1
1333,1
1334,1
1335,1
1336,1
1337,1
1338,1
1339,1
1340,1
1341,1
1342,5
1343,5
1344,5
1345,5
1346,5
1347,5
1348,5
1349,3
1350,3
1351,3
1352,3
1353,3
1354,3
1355,3
1356,3
1357,3
1358,3
1359,3
1360,3
1361,3
1362,3
1363,3
1364,3
1365,3
1366,3
1367,3
1368,3
1369,3
1370,3
1371,3
1372,3
1373,1
1374,1
1375,3
1376,3
1377,3
1378,1
1379,1
1380,1
1381,1
1382,1
1383,1
1384,1
1385,1
1386,1
1387,1
1388,3
1389,3
1390,3
1391,3
1392,3
1393,3
1394,3
1395,3
1396,3
1397,3
1398,3
1399,3
1400,3
1401,3
1402,3
1403,3
1404,3
1405,3
1406,3
1407,3
1408,3
1409,3
1410,3
1411,3
1412,3
1413,3
1414,3
1415,3
1416,3
1417,3
1418,3
1419,3
1420,3
1421,3
1422,3
1423,3
1424,3
1425,3
1426,3
1427,3
1428,3
1429,3
1430,3
1431,3
1432,3
1433,3
1434,3
1435,3
1436,3
1437,3
1438,3
1439,1
1440,1
1441,1
1442,1
1443,1
1444,1
1445,1
1446,1
1447,1
1448,1
1449,1
1450,1
1451,1
1452,1
1453,1
1454,1
1455,1
1456,1
1457,1
1458,1
1459,1
1460,1
1461,1
1462,1
1463,1
1464,1
1465,1
1466,1
1467,1
1468,1
1469,1
1470,1
1471,1
1472,1
1473,1
1474,3
1475,3
1476,3
1477,3
1478,3
1479,3
1480,3
1481,3
1482,3
1483,3
1484,3
1485,3
1486,3
1487,3
1488,3
1489,3
1490,3
1491,3
1492,3
1493,3
1494,3
1495,3
1496,3
1497,3
1498,3
1499,3
1500,3
1501,3
1502,1
1503,1
1504,1
1505,1
1506,1
1507,1
1508,1
1509,1
1510,1
1511,1
1512,1
1513,1
1514,1
1515,1
1516,1
1517,1
1518,1
1519,1
1520,1
1521,1
1522,1
1523,1
1524,1
1525,1
1526,1
1527,1
1528,5
1529,5
1530,5
1531,5
1532,5
1533,5
1534,3
1535,3
1536,3
1537,3
1538,3
1539,3
1540,3
1541,3
1542,3
1543,3
1544,3
1545,3
1546,3
1547,3
1548,3
1549,3
1550,3
1551,3
1552,3
1553,3
1554,3
1555,3
1556,3
1557,3
1558,3
1559,3
1560,3
1561,3
1562,3
1563,3
1564,3
1565,3
1566,3
1567,5
1568,5
1569,5
1570,5
1571,5
1572,5
1573,5
1574,5
1575,1
1576,1
1577,3
1578,3
1579,3
1580,3
1581,3
1582,3
1583,3
1584,3
1585,3
1586,3
1587,3
1588,3
1589,1
1590,1
1591,1
1592,1
1593,1
1594,1
1595,1
1596,1
1597,1
1598,1
1599,1
1600,1
1601,3
1602,3
1603,3
1604,3
1605,3
1606,3
1607,3
1608,3
1609,3
1610,3
1611,3
1612,3
1613,1
1614,1
1615,1
1616,1
1617,1
1618,1
1619,1
1620,1
1621,1
1622,1
1623,1
1624,3
1625,3
1626,3
1627,3
1628,3
1629,3
1630,3
1631,3
1632,3
1633,3
1634,3
1635,3
1636,3
1637,3
1638,1
1639,3
1640,3
1641,3
1642,3
1643,3
1644,3
1645,3
1646,3
1647,3
1648,5
1649,5
1650,5
1651,5
1652,5
1653,5
1654,5
1655,5
1656,5
1657,5
1658,1
1659,1
1660,1
1661,2
1662,2
1663,2
1664,2
1665,2
1666,2
1667,2
1668,2
1669,2
1670,2
1671,2
1672,3
1673,3
1674,3
1675,3
1676,3
1677,3
1678,1
1679,1
1680,1
1681,1
1682,1
1683,1
1684,1
1685,1
1686,1
1687,3
1688,3
1689,3
1690,3
1691,3
1692,3
1693,3
1694,3
1695,3
1696,3
1697,3
1698,3
1699,3
1700,3
1701,3
1702,3
1703,3
1704,3
1705,3
1706,3
1707,3
1708,3
1709,3
1710,3
1711,3
1712,3
1713,3
1714,3
1715,3
1716,3
1717,3
1718,3
1719,3
1720,3
1721,3
1722,3
1723,3
1724,3
1725,3
1726,3
1727,3
1728,3
1729,3
1730,3
1731,3
1732,3
1733,3
1734,3
1735,3
1736,3
1737,1
1738,1
1739,1
1740,1
1741,1
1742,1
1743,3
1744,3
1745,3
1746,3
1747,3
1748,3
1749,3
1750,3
1751,3
1752,3
1753,3
1754,3
1755,3
1756,3
1757,3
1758,3
1759,3
1760,3
1761,3
1762,3
1763,3
1764,3
1765,3
1766,3
1767,3
1768,3
1769,3
1770,1
1771,3
1772,3
1773,3
1774,1
1775,1
1776,1
1777,1
1778,1
1779,1
1780,1
1781,1
1782,1
1783,3
1784,3
1785,3
1786,3
1787,3
1788,3
1789,3
1790,3
1791,3
1792,3
1793,3
1794,3
1795,3
1796,3
1797,3
1798,3
1799,3
1800,1
1801,1
1802,1
1803,1
1804,5
1805,5
1806,5
1807,5
1808,5
1809,5
1810,5
1811,5
1812,5
1813,5
1814,5
1815,5
1816,5
1817,5
1818,5
1819,5
1820,5
1821,5
1822,5
1823,5
1824,5
1825,5
1826,5
1827,5
1828,5
1829,5
1830,5
1831,3
1832,3
1833,3
1834,3
1835,3
1836,3
1837,3
1838,1
1839,1
1840,3
1841,3
1842,3
1843,3
1844,1
1845,3
1846,3
1847,3
1848,3
1849,3
1850,3
1851,3
1852,3
1853,3
1854,3
1855,3
1856,3
1857,3
1858,3
1859,3
1860,3
1861,3
1862,3
1863,3
1864,3
1865,3
1866,3
1867,3
1868,3
1869,3
1870,3
1871,1
1872,1
1873,1
1874,1
1875,1
1876,1
1877,1
1878,1
1879,1
1880,1
1881,1
1882,1
1883,1
1884,1
1885,1
1886,1
1887,1
1888,1
1889,1
1890,1
1891,1
1892,1
1893,1
1894,1
1895,1
1896,3
1897,3
1898,3
1899,3
1900,3
1901,3
1902,3
1903,3
1904,3
1905,3
1906,3
1907,3
1908,3
1909,3
1910,3
1911,3
1912,3
1913,3
1914,3
1915,3
1916,3
1917,3
1918,1
1919,1
1920,1
1921,3
1922,1
1923,1
1924,1
1925,1
1926,1
1927,1
1928,1
1929,1
1930,1
1931,1
1932,1
1933,1
1934,1
1935,1
1936,1
1937,1
1938,1
1939,1
1940,3
1941,3
1942,3
1943,3
1944,3
1945,3
1946,3
1947,3
1948,3
1949,3
1950,3
1951,3
1952,3
1953,3
1954,3
1955,3
1956,3
1957,3
1958,3
1959,3
1960,3
1961,3
1962,3
1963,3
1964,3
1965,3
1966,3
1967,3
1968,3
1969,3
1970,3
1971,3
1972,3
1973,3
1974,3
1975,3
1976,3
1977,3
1978,3
1979,3
1980,3
1981,3
1982,3
1983,5
1984,1
1985,1
1986,3
1987,3
1988,3
1989,1
1990,1
1991,1
1992,1
1993,1
1994,1
1995,1
1996,1
1997,1
1998,1
1999,1
2000,1
2001,1
2002,1
2003,1
2004,1
2005,1
2006,1
2007,1
2008,1
2009,1
2010,1
2011,1
2012,1
2013,1
2014,1
2015,1
2016,1
2017,1
2018,1
2019,1
2020,1
2021,3
2022,3
2023,3
2024,1
2025,1
2026,1
2027,1
2028,1
2029,1
2030,1
2031,1
2032,1
2033,1
2034,1
2035,1
2036,1
2037,1
2038,1
2039,1
2040,3
2041,3
2042,3
2043,3
2044,3
2045,3
2046,3
2047,3
2048,3
2049,3
2050,3
2051,3
2052,3
2053,3
2054,3
2055,3
2056,3
2057,3
2058,3
2059,3
2060,3
2061,3
2062,3
2063,3
2064,3
2065,3
2066,1
2067,1
2068,1
2069,1
2070,1
2071,1
2072,1
2073,1
2074,1
2075,1
2076,1
2077,1
2078,1
2079,1
2080,1
2081,1
2082,1
2083,1
2084,1
2085,1
2086,1
2087,1
2088,1
2089,1
2090,1
2091,1
2092,1
2093,3
2094,3
2095,3
2096,3
2097,3
2098,3
2099,3
2100,3
2101,3
2102,3
2103,3
2104,3
2105,3
2106,1
2107,1
2108,1
2109,1
2110,1
2111,1
2112,1
2113,1
2114,1
2115,1
2116,1
2117,1
2118,3
2119,3
2120,3
2121,3
2122,3
2123,3
2124,3
2125,3
2126,3
2127,3
2128,3
2129,1
2130,1
2131,1
2132,1
2133,1
2134,1
2135,1
2136,1
2137,1
2138,1
2139,1
2140,1
2141,1
2142,1
2143,3
2144,3
2145,3
2146,3
2147,3
2148,3
2149,3
2150,3
2151,3
2152,3
2153,3
2154,3
2155,3
2156,5
2157,5
2158,5
2159,5
2160,5
2161,2
2162,2
2163,2
2164,2
2165,2
2166,3
2167,3
2168,3
2169,3
2170,3
2171,3
2172,3
2173,3
2174,1
2175,1
2176,1
2177,1
2178,3
2179,3
2180,3
2181,3
2182,1
2183,1
2184,3
2185,3
2186,3
2187,3
2188,3
2189,3
2190,3
2191,3
2192,3
2193,5
2194,5
2195,5
2196,5
2197,5
2198,5
2199,5
2200,5
2201,5
2202,5
2203,5
2204,5
2205,5
2206,5
2207,5
2208,5
2209,5
2210,5
2211,5
2212,5
2213,5
2214,1
2215,1
2216,1
2217,1
2218,1
2219,1
2220,1
2221,1
2222,1
2223,3
2224,3
2225,3
2226,3
2227,3
2228,3
2229,3
2230,3
2231,3
2232,3
2233,3
2234,3
2235,3
2236,3
2237,1
2238,1
2239,1
2240,1
2241,1
2242,1
2243,1
2244,1
2245,1
2246,1
2247,1
2248,3
2249,3
2250,3
2251,3
2252,3
2253,3
2254,3
2255,3
2256,3
2257,3
2258,3
2259,1
2260,1
2261,1
2262,1
2263,3
2264,3
2265,3
2266,1
2267,1
2268,1
2269,1
2270,1
2271,1
2272,1
2273,1
2274,1
2275,1
2276,1
2277,1
2278,1
2279,1
2280,1
2281,1
2282,1
2283,1
2284,1
2285,1
2286,1
2287,1
2288,1
2289,1
2290,1
2291,1
2292,1
2293,1
2294,1
2295,1
2296,3
2297,3
2298,3
2299,3
2300,3
2301,3
2302,3
2303,3
2304,3
2305,3
2306,3
2307,3
2308,3
2309,3
2310,3
2311,3
2312,3
2313,3
2314,3
2315,3
2316,3
2317,3
2318,3
2319,3
2320,3
2321,3
2322,1
2323,5
2324,5
2325,5
2326,5
2327,5
2328,5
2329,1
2330,1
2331,1
2332,1
2333,1
2334,1
2335,1
2336,1
2337,1
2338,1
2339,1
2340,1
2341,1
2342,1
2343,1
2344,1
2345,1
2346,1
2347,1
2348,1
2349,1
2350,5
2351,5
2352,5
2353,5
2354,5
2355,5
2356,5
2357,5
2358,5
2359,5
2360,5
2361,5
2362,5
2363,5
2364,5
2365,5
2366,5
2367,5
2368,5
2369,5
2370,5
2371,1
2372,1
2373,1
2374,1
2375,1
2376,1
2377,1
2378,5
2379,5
2380,5
2381,5
2382,1
2383,1
2384,1
2385,1
2386,1
2387,1
2388,1
2389,1
2390,1
2391,1
2392,1
2393,1
2394,1
2395,1
2396,1
2397,1
2398,1
2399,1
2400,1
2401,1
2402,1
2403,1
2404,1
2405,1
2406,1
2407,1
2408,1
2409,1
2410,1
2411,1
2412,1
2413,1
2414,1
2415,1
2416,1
2417,1
2418,1
2419,1
2420,1
2421,1
2422,1
2423,1
2424,1
2425,1
2426,1
2427,1
2428,1
2429,1
2430,1
2431,1
2432,1
2433,1
2434,1
2435,1
2436,1
2437,1
2438,1
2439,1
2440,1
2441,1
2442,1
2443,1
2444,1
2445,1
2446,1
2447,1
2448,1
2449,1
2450,1
2451,1
2452,1
2453,1
2454,1
2455,1
2456,1
2457,1
2458,1
2459,1
2460,1
2461,1
2462,1
2463,1
2464,1
2465,1
2466,1
2467,1
2468,1
2469,1
2470,1
2471,1
2472,1
2473,1
2474,1
2475,1
2476,1
2477,1
2478,1
2479,1
2480,1
2481,1
2482,1
2483,1
2484,1
2485,1
2486,1
2487,1
2488,1
2489,1
2490,1
2491,1
2492,1
2493,1
2494,1
2495,1
2496,1
2497,1
2498,1
2499,1
2500,1
2501,1
2502,1
2503,1
2504,1
2505,1
2506,1
2507,3
2508,3
2509,3
2510,1
2511,1
2512,1
2513,1
2514,1
2515,1
2516,1
2517,1
2518,1
2519,3
2520,3
2521,3
2522,3
2523,3
2524,3
2525,3
2526,3
2527,3
2528,3
2529,3
2530,3
2531,3
2532,3
2533,3
2534,3
2535,3
2536,3
2537,1
2538,1
2539,1
2540,1
2541,1
2542,1
2543,1
2544,1
2545,1
2546,3
2547,5
2548,5
2549,5
2550,5
2551,1
2552,1
2553,1
2554,1
2555,1
2556,1
2557,1
2558,1
2559,1
2560,1
2561,1
2562,1
2563,1
2564,1
2565,1
2566,1
2567,1
2568,1
2569,1
2570,1
2571,1
2572,1
2573,1
2574,1
2575,1
2576,1
2577,1
2578,1
2579,1
2580,1
2581,1
2582,1
2583,1
2584,1
2585,1
2586,1
2587,1
2588,1
2589,1
2590,1
2591,1
2592,1
2593,1
2594,1
2595,1
2596,1
2597,2
2598,2
2599,1
2600,1
2601,1
2602,2
2603,2
2604,2
2605,2
2606,2
2607,2
2608,2
2609,2
2610,2
2611,2
2612,1
2613,1
2614,1
2615,1
2616,1
2617,1
2618,1
2619,1
2620,1
2621,3
2622,3
2623,3
2624,1
2625,3
2626,3
2627,1
2628,1
2629,1
2630,1
2631,1
2632,1
2633,1
2634,1
2635,1
2636,1
2637,1
2638,1
2639,1
2640,1
2641,1
2642,1
2643,1
2644,1
2645,1
2646,1
2647,1
2648,1
2649,1
2650,1
2651,1
2652,1
2653,1
2654,1
2655,1
2656,1
2657,1
2658,1
2659,1
2660,1
2661,1
2662,1
2663,1
2664,1
2665,1
2666,1
2667,1
2668,1
2669,1
2670,1
2671,1
2672,1
2673,1
2674,1
2675,1
2676,1
2677,1
2678,1
2679,1
2680,1
2681,1
2682,1
2683,1
2684,1
2685,1
2686,1
2687,1
2688,1
2689,1
2690,1
2691,1
2692,1
2693,1
2694,1
2695,1
2696,1
2697,1
2698,1
2699,1
2700,1
2701,1
2702,1
2703,1
2704,1
2705,1
2706,1
2707,1
2708,1
2709,1
2710,1
2711,1
2712,1
2713,1
2714,1
2715,1
2716,1
2717,1
2718,1
2719,1
2720,1
2721,1
2722,1
2723,1
2724,1
2725,1
2726,1
2727,1
2728,1
2729,1
2730,1
2731,1
2732,1
2733,1
2734,1
2735,1
2736,1
2737,1
2738,1
2739,1
2740,1
2741,1
2742,1
2743,1
2744,1
2745,1
2746,1
2747,1
2748,1
2749,1
2750,1
2751,1
2752,1
2753,1
2754,1
2755,1
2756,1
2757,1
2758,1
2759,1
2760,1
2761,1
2762,1
2763,1
2764,1
2765,1
2766,1
2767,1
2768,1
2769,1
2770,1
2771,1
2772,1
2773,1
2774,1
2775,1
2776,1
2777,1
2778,1
2779,1
2780,1
2781,1
2782,1
2783,1
2784,1
2785,1
2786,1
2787,1
2788,1
2789,1
2790,1
2791,1
2792,1
2793,1
2794,1
2795,1
2796,1
2797,1
2798,1
2799,1
2800,1
2801,1
2802,1
2803,1
2804,1
2805,1
2806,1
2807,1
2808,1
2809,1
2810,1
2811,1
2812,1
2813,1
2814,1
2815,1
2816,1
2817,1
2818,1
2819,1
2820,1
2821,1
2822,1
2823,1
2824,1
2825,1
2826,1
2827,1
2828,1
2829,1
2830,1
2831,1
2832,1
2833,1
2834,1
2835,1
2836,1
2837,1
2838,1
2839,1
2840,1
2841,1
2842,1
2843,1
2844,1
2845,1
2846,1
2847,3
2848,3
2849,3
2850,3
2851,3
2852,3
2853,3
2854,3
2855,3
2856,3
2857,3
2858,3
2859,3
2860,3
2861,3
2862,3
2863,5
2864,5
2865,5
2866,5
2867,5
2868,5
2869,5
2870,5
2871,5
2872,5
2873,5
2874,5
2875,5
2876,2
2877,2
2878,2
2879,2
2880,2
2881,2
2882,2
2883,2
2884,2
2885,2
2886,2
2887,2
2888,2
2889,2
2890,2
2891,2
2892,2
2893,2
2894,2
2895,2
2896,2
2897,2
2898,2
2899,2
2900,2
2901,2
2902,2
2903,2
2904,2
2905,2
2906,2
2907,2
2908,2
2909,2
2910,2
2911,2
2912,1
2913,1
2914,1
2915,1
2916,3
2917,3
2918,3
2919,3
2920,3
2921,3
2922,3
2923,3
2924,3
2925,3
2926,3
2927,3
2928,3
2929,3
2930,1
2931,1
2932,1
2933,1
2934,1
2935,1
2936,1
2937,1
2938,1
2939,1
2940,1
2941,3
2942,3
2943,1
2944,1
2945,1
2946,1
2947,1
2948,1
2949,1
2950,1
2951,1
2952,1
2953,1
2954,1
2955,1
2956,1
2957,1
2958,1
2959,1
2960,1
2961,1
2962,1
2963,1
2964,1
2965,1
2966,1
2967,1
2968,1
2969,1
2970,1
2971,1
2972,1
2973,1
2974,1
2975,1
2976,1
2977,1
2978,1
2979,1
2980,1
2981,1
2982,1
2983,1
2984,1
2985,1
2986,1
2987,1
2988,1
2989,1
2990,1
2991,1
2992,1
2993,1
2994,1
2995,3
2996,3
2997,3
2998,3
2999,3
3000,1
3001,1
3002,1
3003,1
3004,1
3005,1
3006,1
3007,1
3008,1
3009,1
3010,1
3011,1
3012,1
3013,1
3014,1
3015,1
3016,1
3017,1
3018,1
3019,1
3020,1
3021,1
3022,1
3023,1
3024,1
3025,1
3026,1
3027,1
3028,1
3029,1
3030,1
3031,1
3032,1
3033,1
3034,1
3035,1
3036,1
3037,1
3038,1
3039,1
3040,1
3041,3
3042,3
3043,3
3044,3
3045,3
3046,1
3047,1
3048,3
3049,3
3050,3
3051,3
3052,3
3053,3
3054,3
3055,3
3056,3
3057,1
3058,1
3059,1
3060,1
3061,1
3062,1
3063,1
3064,2
3065,2
3066,2
3067,2
3068,2
3069,2
3070,2
3071,2
3072,2
3073,2
3074,2
3075,2
3076,2
3077,2
3078,2
3079,2
3080,1
3081,1
3082,1
3083,1
3084,1
3085,1
3086,1
3087,1
3088,1
3089,1
3090,1
3091,1
3092,1
3093,1
3094,1
3095,1
3096,1
3097,1
3098,1
3099,1
3100,1
3101,1
3102,1
3103,1
3104,1
3105,1
3106,1
3107,1
3108,1
3109,1
3110,1
3111,1
3112,1
3113,1
3114,1
3115,1
3116,1
3117,1
3118,1
3119,1
3120,1
3121,1
3122,1
3123,1
3124,5
3125,5
3126,5
3127,5
3128,5
3129,5
3130,5
3131,5
3132,5
3133,5
3134,5
3135,5
3136,5
3137,5
3138,5
3139,5
3140,5
3141,5
3142,5
3143,5
3144,5
3145,5
3146,5
3147,1
3148,1
3149,1
3150,5
3151,5
3152,5
3153,5
3154,5
3155,5
3156,5
3157,5
3158,5
3159,5
3160,5
3161,5
3162,5
3163,5
3164,5
3165,5
3166,5
3167,5
3168,5
3169,5
3170,5
3171,5
3172,5
3173,5
3174,5
3175,5
3176,5
3177,1
3178,1
3179,1
3180,1
3181,1
3182,1
3183,1
3184,1
3185,1
3186,5
3187,5
3188,5
3189,5
3190,5
3191,5
3192,5
3193,5
3194,5
3195,5
3196,5
3197,5
3198,5
3199,5
3200,1
3201,1
3202,1
3203,1
3204,1
3205,1
3206,1
3207,1
3208,1
3209,1
3210,1
3211,1
3212,1
3213,1
3214,1
3215,1
3216,1
3217,1
3218,1
3219,1
3220,1
3221,1
3222,1
3223,1
3224,1
3225,1
3226,5
3227,5
3228,1
3229,1
3230,1
3231,1
3232,1
3233,1
3234,1
3235,1
3236,1
3237,1
3238,1
3239,1
3240,1
3241,1
3242,1
3243,1
3244,1
3245,1
3246,1
3247,1
3248,1
3249,1
3250,1
3251,3
3252,3
3253,3
3254,3
3255,3
3256,3
3257,3
3258,3
3259,3
3260,3
3261,3
3262,3
3263,3
3264,3
3265,3
3266,3
3267,3
3268,3
3269,3
3270,3
3271,3
3272,3
3273,3
3274,3
3275,3
3276,3
3277,3
3278,3
3279,3
3280,3
3281,3
3282,3
3283,3
3284,3
3285,3
3286,3
3287,3
3288,3
3289,3
3290,3
3291,3
3292,3
3293,3
3294,3
3295,3
3296,3
3297,3
3298,3
3299,3
3300,3
3301,3
3302,1
3303,1
3304,3
3305,1
3306,1
3307,1
3308,3
3309,3
3310,3
3311,3
3312,3
3313,3
3314,3
3315,3
3316,3
3317,3
3318,3
3319,3
3320,3
3321,3
3322,3
3323,3
3324,3
3325,3
3326,3
3327,3
3328,3
3329,3
3330,3
3331,3
3332,3
3333,3
3334,3
3335,3
3336,3
3337,3
3338,3
3339,3
3340,3
3341,3
3342,3
3343,3
3344,3
3345,3
3346,3
3347,3
3348,3
3349,3
3350,3
3351,3
3352,3
3353,3
3354,3
3355,3
3356,3
3357,3
3358,3
3359,3
3360,3
3361,3
3362,3
3363,3
3364,3
3365,3
3366,3
3367,3
3368,3
3369,3
3370,3
3371,3
3372,3
3373,3
3374,3
3375,3
3376,3
3377,1
3378,1
3379,3
3380,1
3381,1
3382,5
3383,3
3384,3
3385,3
3386,3
3387,3
3388,3
3389,3
3390,3
3391,3
3392,3
3393,3
3394,3
3395,3
3396,3
3397,3
3398,3
3399,3
3400,1
3401,1
3402,1
3403,1
3404,1
3405,1
3406,3
3407,3
3408,3
3409,3
3410,3
3411,3
3412,3
3413,3
3414,3
3415,3
3416,3
3417,3
3418,3
3419,3
3420,3
3421,3
3422,3
3423,3
3424,3
3425,3
3426,1
3427,1
3428,1
3429,1
3430,1
3431,1
3432,1
3433,1
3434,1
3435,1
3436,1
3437,1
3438,1
3439,1
3440,1
3441,1
3442,1
3443,1
3444,1
3445,1
3446,1
3447,1
3448,1
3449,1
3450,1
3451,1
3452,1
3453,1
3454,1
3455,1
3456,1
3457,1
3458,1
3459,1
3460,1
3461,1
3462,1
3463,1
3464,1
3465,1
3466,3
3467,3
3468,3
3469,3
3470,3
3471,3
3472,3
3473,3
3474,3
3475,3
3476,3
3477,3
3478,3
3479,3
3480,3
3481,3
3482,3
3483,3
3484,3
3485,3
3486,3
3487,3
3488,3
3489,3
3490,3
3491,3
3492,3
3493,3
3494,3
3495,3
3496,3
3497,3
3498,1
3499,1
3500,1
3501,1
3502,1
3503,1
3504,1
3505,1
3506,1
3507,1
3508,1
3509,1
3510,1
3511,1
3512,1
3513,1
3514,1
3515,1
3516,1
3517,1
3518,1
3519,1
3520,1
3521,1
3522,1
3523,3
3524,3
3525,3
3526,3
3527,3
3528,3
3529,3
3530,3
3531,3
3532,3
3533,3
3534,1
3535,1
3536,1
3537,3
3538,3
3539,1
3540,1
3541,1
3542,1
3543,1
3544,1
3545,1
3546,1
3547,1
3548,1
3549,1
3550,1
3551,1
3552,1
3553,3
3554,3
3555,3
3556,3
3557,3
3558,1
3559,1
3560,1
3561,1
3562,1
3563,3
3564,3
3565,3
3566,3
3567,3
3568,3
3569,3
3570,3
3571,3
3572,3
3573,3
3574,3
3575,3
3576,3
3577,3
3578,3
3579,3
3580,3
3581,3
3582,3
3583,3
3584,3
3585,3
3586,5
3587,3
3588,3
3589,3
3590,3
3591,3
3592,3
3593,3
3594,3
3595,3
3596,3
3597,3
3598,3
3599,3
3600,3
3601,3
3602,3
3603,3
3604,3
3605,3
3606,3
3607,3
3608,1
3609,1
3610,1
3611,1
3612,5
3613,1
3614,3
3615,3
3616,3
3617,3
3618,3
3619,3
3620,3
3621,3
3622,3
3623,3
3624,3
3625,3
3626,3
3627,3
3628,3
3629,3
3630,3
3631,3
3632,3
3633,3
3634,3
3635,3
3636,3
3637,3
3638,3
3639,3
3640,3
3641,3
3642,3
3643,3
3644,3
3645,3
3646,3
3647,3
3648,3
3649,3
3650,3
3651,3
3652,3
3653,3
3654,3
3655,3
3656,3
3657,3
3658,3
3659,3
3660,3
3661,3
3662,3
3663,3
3664,1
3665,1
3666,1
3667,1
3668,1
3669,3
3670,3
3671,3
3672,3
3673,3
3674,3
3675,3
3676,3
3677,3
3678,3
3679,3
3680,1
3681,1
3682,3
3683,3
3684,3
3685,3
3686,1
3687,1
3688,1
3689,1
3690,3
3691,3
3692,1
3693,1
3694,3
3695,3
3696,3
3697,1
3698,1
3699,1
3700,1
3701,1
3702,1
3703,1
3704,1
3705,1
3706,1
3707,1
3708,3
3709,3
3710,3
3711,3
3712,3
3713,3
3714,3
3715,3
3716,3
3717,3
3718,3
3719,3
3720,3
3721,3
3722,3
3723,3
3724,3
3725,3
3726,3
3727,3
3728,3
3729,3
3730,3
3731,1
3732,1
3733,1
3734,1
3735,3
3736,1
3737,1
3738,1
3739,1
3740,1
3741,1
3742,1
3743,1
3744,1
3745,1
3746,1
3747,1
3748,1
3749,1
3750,1
3751,1
3752,1
3753,1
3754,1
3755,1
3756,1
3757,1
3758,1
3759,3
3760,1
3761,1
3762,1
3763,1
3764,3
3765,3
3766,3
3767,3
3768,3
3769,3
3770,3
3771,3
3772,3
3773,1
3774,1
3775,1
3776,3
3777,3
3778,3
3779,3
3780,3
3781,3
3782,3
3783,3
3784,3
3785,3
3786,3
3787,3
3788,3
3789,3
3790,3
3791,3
3792,3
3793,3
3794,3
3795,5
3796,5
3797,3
3798,3
3799,3
3800,3
3801,3
3802,3
3803,3
3804,3
3805,3
3806,3
3807,3
3808,3
3809,3
3810,3
3811,1
3812,1
3813,1
3814,1
3815,3
3816,3
3817,3
3818,3
3819,3
3820,3
3821,3
3822,3
3823,3
3824,3
3825,3
3826,3
3827,3
3828,3
3829,3
3830,3
3831,3
3832,3
3833,3
3834,3
3835,3
3836,3
3837,3
3838,3
3839,3
3840,3
3841,3
3842,3
3843,3
3844,3
3845,3
3846,3
3847,3
3848,3
3849,3
3850,3
3851,3
3852,3
3853,3
3854,3
3855,3
3856,3
3857,3
3858,3
3859,3
3860,3
3861,3
3862,3
3863,3
3864,1
3865,1
3866,1
3867,1
3868,1
3869,1
3870,1
3871,1
3872,1
3873,1
3874,1
3875,1
3876,1
3877,1
3878,3
3879,3
3880,3
3881,3
3882,3
3883,3
3884,3
3885,3
3886,1
3887,3
3888,3
3889,3
3890,3
3891,3
3892,1
3893,1
3894,1
3895,3
3896,3
3897,3
3898,3
3899,3
3900,3
3901,1
3902,1
3903,1
3904,5
3905,1
3906,1
3907,1
3908,1
3909,1
3910,1
3911,1
3912,1
3913,1
3914,1
3915,1
3916,1
3917,1
3918,1
3919,1
3920,1
3921,1
3922,1
3923,1
3924,1
3925,1
3926,1
3927,1
3928,1
3929,1
3930,1
3931,1
3932,1
3933,1
3934,1
3935,1
3936,1
3937,1
3938,1
3939,1
3940,1
3941,1
3942,1
3943,1
3944,1
3945,1
3946,1
3947,1
3948,1
3949,1
3950,1
3951,1
3952,1
3953,1
3954,1
3955,1
3956,1
3957,1
3958,1
3959,1
3960,1
3961,1
3962,1
3963,1
3964,1
3965,1
3966,1
3967,1
3968,1
3969,1
3970,1
3971,1
3972,1
3973,1
3974,1
3975,1
3976,1
3977,1
3978,1
3979,1
3980,1
3981,1
3982,1
3983,1
3984,1
3985,1
3986,1
3987,1
3988,1
3989,1
3990,1
3991,1
3992,1
3993,1
3994,1
3995,1
3996,1
3997,1
3998,1
3999,1
4000,1
4001,1
4002,1
4003,1
4004,1
4005,1
4006,1
4007,1
4008,1
4009,1
4010,1
4011,3
4012,3
4013,2
4014,2
4015,2
4016,2
4017,2
4018,1
4019,1
4020,1
4021,1
4022,1
4023,1
4024,1
4025,1
4026,1
4027,1
4028,1
4029,1
4030,1
4031,1
4032,1
4033,1
4034,1
4035,1
4036,1
4037,1
4038,1
4039,1
4040,1
4041,1
4042,1
4043,1
4044,1
4045,1
4046,1
4047,1
4048,1
4049,1
4050,1
4051,1
4052,1
4053,1
4054,1
4055,1
4056,1
4057,1
4058,1
4059,1
4060,1
4061,1
4062,1
4063,1
4064,1
4065,1
4066,1
4067,1
4068,1
4069,1
4070,1
4071,1
4072,1
4073,1
4074,1
4075,1
4076,1
4077,1
4078,1
4079,1
4080,1
4081,1
4082,1
4083,1
4084,1
4085,1
4086,1
4087,1
4088,1
4089,1
4090,1
4091,1
4092,1
4093,1
4094,1
4095,1
4096,1
4097,1
4098,1
4099,1
4100,1
4101,3
4102,3
4103,3
4104,3
4105,3
4106,3
4107,3
4108,3
4109,3
4110,3
4111,3
4112,3
4113,3
4114,3
4115,3
4116,3
4117,3
4118,3
4119,3
4120,3
4121,3
4122,3
4123,3
4124,3
4125,3
4126,3
4127,3
4128,3
4129,3
4130,3
4131,3
4132,5
4133,5
4134,5
4135,5
4136,5
4137,5
4138,1
4139,1
4140,1
4141,1
4142,1
4143,1
4144,1
4145,3
4146,3
4147,3
4148,3
4149,3
4150,3
4151,3
4152,3
4153,3
4154,3
4155,3
4156,3
4157,3
4158,3
4159,3
4160,3
4161,3
4162,3
4163,3
4164,3
4165,3
4166,3
4167,3
4168,3
4169,1
4170,1
4171,1
4172,1
4173,1
4174,1
4175,1
4176,1
4177,3
4178,1
4179,1
4180,1
4181,1
4182,1
4183,1
4184,1
4185,1
4186,1
4187,1
4188,1
4189,1
4190,1
4191,1
4192,1
4193,1
4194,1
4195,1
4196,1
4197,1
4198,1
4199,1
4200,1
4201,1
4202,1
4203,1
4204,1
4205,1
4206,1
4207,1
4208,1
4209,1
4210,1
4211,1
4212,1
4213,1
4214,1
4215,1
4216,1
4217,1
4218,1
4219,1
4220,1
4221,1
4222,1
4223,1
4224,1
4225,1
4226,1
4227,1
4228,1
4229,1
4230,1
4231,1
4232,1
4233,1
4234,1
4235,3
4236,3
4237,3
4238,3
4239,3
4240,3
4241,3
4242,3
4243,3
4244,3
4245,3
4246,3
4247,3
4248,3
4249,3
4250,3
4251,3
4252,3
4253,3
4254,3
4255,3
4256,3
4257,3
4258,3
4259,3
4260,3
4261,3
4262,3
4263,3
4264,3
4265,3
4266,3
4267,3
4268,3
4269,3
4270,3
4271,1
4272,1
4273,1
4274,1
4275,1
4276,1
4277,1
4278,1
4279,1
4280,1
4281,1
4282,1
4283,1
4284,1
4285,1
4286,1
4287,1
4288,1
4289,1
4290,1
4291,1
4292,1
4293,1
4294,1
4295,1
4296,1
4297,1
4298,1
4299,1
4300,1
4301,1
4302,1
4303,1
4304,1
4305,1
4306,1
4307,1
4308,1
4309,1
4310,1
4311,1
4312,1
4313,1
4314,1
4315,1
4316,1
4317,1
4318,1
4319,1
4320,1
4321,1
4322,1
4323,1
4324,1
4325,1
4326,1
4327,1
4328,1
4329,1
4330,1
4331,1
4332,1
4333,1
4334,1
4335,1
4336,1
4337,1
4338,1
4339,1
4340,1
4341,1
4342,1
4343,1
4344,1
4345,1
4346,1
4347,1
4348,1
4349,1
4350,1
4351,1
4352,1
4353,1
4354,1
4355,1
4356,1
4357,1
4358,1
4359,1
4360,1
4361,1
4362,1
4363,1
4364,1
4365,1
4366,3
4367,3
4368,3
4369,3
4370,3
4371,3
4372,3
4373,3
4374,3
4375,3
4376,3
4377,3
4378,3
4379,3
4380,3
4381,1
4382,3
4383,3
4384,3
4385,3
4386,3
4387,3
4388,3
4389,3
4390,3
4391,3
4392,3
4393,3
4394,3
4395,3
4396,3
4397,3
4398,3
4399,3
4400,3
4401,3
4402,3
4403,3
4404,3
4405,3
4406,3
4407,3
4408,3
4409,3
4410,3
4411,3
4412,3
4413,3
4414,3
4415,3
4416,3
4417,3
4418,3
4419,3
4420,3
4421,3
4422,3
4423,3
4424,3
4425,3
4426,3
4427,3
4428,3
4429,3
4430,3
4431,3
4432,1
4433,1
4434,1
4435,1
4436,3
4437,1
4438,1
4439,1
4440,1
4441,1
4442,1
4443,1
4444,1
4445,1
4446,1
4447,1
4448,1
4449,1
4450,1
4451,1
4452,1
4453,1
4454,1
4455,1
4456,1
4457,1
4458,1
4459,1
4460,1
4461,1
4462,1
4463,1
4464,1
4465,1
4466,1
4467,1
4468,1
4469,1
4470,1
4471,1
4472,1
4473,1
4474,5
4475,5
4476,5
4477,5
4478,5
4479,1
4480,1
4481,1
4482,1
4483,3
4484,3
4485,3
4486,1
4487,1
4488,1
4489,1
4490,1
4491,1
4492,1
4493,1
4494,1
4495,1
4496,1
4497,1
4498,1
4499,1
4500,1
4501,1
4502,1
4503,3
4504,3
4505,3
4506,1
4507,1
4508,1
4509,1
4510,1
4511,1
4512,1
4513,1
4514,1
4515,1
4516,1
4517,1
4518,1
4519,1
4520,1
4521,1
4522,3
4523,3
4524,3
4525,3
4526,3
4527,3
4528,3
4529,3
4530,5
4531,5
4532,5
4533,5
4534,5
4535,5
4536,5
4537,3
4538,3
4539,3
4540,3
4541,3
4542,3
4543,3
4544,3
4545,3
4546,3
4547,3
4548,3
4549,3
4550,3
4551,3
4552,3
4553,3
4554,3
4555,3
4556,1
4557,3
4558,3
4559,3
4560,3
4561,3
4562,3
4563,3
4564,3
4565,3
4566,1
4567,1
4568,3
4569,3
4570,3
4571,3
4572,3
4573,3
4574,3
4575,3
4576,3
4577,1
4578,1
4579,3
4580,1
4581,1
4582,1
4583,1
4584,1
4585,1
4586,1
4587,1
4588,1
4589,1
4590,1
4591,1
4592,1
4593,1
4594,1
4595,1
4596,1
4597,1
4598,1
4599,1
4600,1
4601,1
4602,1
4603,1
4604,1
4605,1
4606,1
4607,1
4608,1
4609,1
4610,1
4611,1
4612,1
4613,1
4614,1
4615,1
4616,1
4617,1
4618,1
4619,1
4620,1
4621,1
4622,1
4623,1
4624,1
4625,1
4626,1
4627,1
4628,1
4629,1
4630,1
4631,1
4632,1
4633,1
4634,1
4635,1
4636,1
4637,1
4638,1
4639,1
4640,1
4641,1
4642,1
4643,1
4644,1
4645,3
4646,3
4647,3
4648,3
4649,1
4650,1
4651,3
4652,3
4653,1
4654,1
4655,1
4656,1
4657,1
4658,1
4659,1
4660,1
4661,1
4662,1
4663,1
4664,1
4665,1
4666,1
4667,1
4668,1
4669,1
4670,1
4671,1
4672,1
4673,1
4674,1
4675,1
4676,1
4677,1
4678,1
4679,1
4680,3
4681,3
4682,3
4683,3
4684,3
4685,3
4686,3
4687,3
4688,3
4689,3
4690,3
4691,3
4692,5
4693,3
4694,3
4695,3
4696,3
4697,3
4698,3
4699,3
4700,3
4701,3
4702,3
4703,1
4704,1
4705,1
4706,1
4707,1
4708,1
4709,1
4710,1
4711,1
4712,1
4713,1
4714,1
4715,1
4716,3
4717,3
4718,3
4719,3
4720,3
4721,1
4722,1
4723,1
4724,1
4725,1
4726,1
4727,1
4728,1
4729,1
4730,1
4731,1
4732,1
4733,1
4734,1
4735,1
4736,1
4737,1
4738,1
4739,1
4740,1
4741,3
4742,3
4743,3
4744,3
4745,3
4746,3
4747,3
4748,3
4749,3
4750,3
4751,5
4752,3
4753,3
4754,3
4755,3
4756,3
4757,3
4758,3
4759,1
4760,1
4761,1
4762,1
4763,1
4764,1
4765,1
4766,1
4767,1
4768,1
4769,1
4770,1
4771,1
4772,1
4773,1
4774,1
4775,1
4776,5
4777,1
4778,1
4779,1
4780,1
4781,1
4782,1
4783,1
4784,1
4785,1
4786,1
4787,1
4788,1
4789,1
4790,1
4791,1
4792,1
4793,1
4794,1
4795,1
4796,1
4797,1
4798,1
4799,1
4800,1
4801,3
4802,3
4803,3
4804,3
4805,1
4806,1
4807,1
4808,1
4809,1
4810,1
4811,1
4812,1
4813,3
4814,3
4815,3
4816,3
4817,3
4818,3
4819,1
4820,1
4821,1
4822,1
4823,1
4824,1
4825,1
4826,1
4827,1
4828,1
4829,1
4830,1
4831,1
4832,1
4833,1
4834,1
4835,1
4836,1
4837,1
4838,1
4839,1
4840,1
4841,1
4842,1
4843,1
4844,1
4845,1
4846,1
4847,1
4848,1
4849,1
4850,1
4851,1
4852,1
4853,1
4854,1
4855,1
4856,1
4857,3
4858,3
4859,3
4860,3
4861,3
4862,3
4863,3
4864,3
4865,3
4866,1
4867,1
4868,1
4869,1
4870,1
4871,1
4872,1
4873,3
4874,3
4875,3
4876,3
4877,3
4878,3
4879,3
4880,3
4881,3
4882,3
4883,3
4884,3
4885,3
4886,3
4887,3
4888,1
4889,1
4890,1
4891,1
4892,1
4893,1
4894,1
4895,1
4896,1
4897,1
4898,1
4899,1
4900,1
4901,1
4902,1
4903,1
4904,1
4905,1
4906,1
4907,1
4908,1
4909,1
4910,1
4911,1
4912,1
4913,1
4914,1
4915,1
4916,1
4917,1
4918,1
4919,1
4920,1
4921,1
4922,1
4923,1
4924,1
4925,1
4926,1
4927,1
4928,1
4929,1
4930,1
4931,1
4932,1
4933,1
4934,1
4935,1
4936,1
4937,1
4938,1
4939,1
4940,1
4941,1
4942,1
4943,1
4944,1
4945,1
4946,1
4947,1
4948,1
4949,1
4950,1
4951,1
4952,1
4953,1
4954,1
4955,1
4956,1
4957,1
4958,1
4959,1
4960,1
4961,1
4962,1
4963,1
4964,1
4965,1
4966,1
4967,1
4968,1
4969,1
4970,1
4971,1
4972,1
4973,1
4974,1
4975,1
4976,1
4977,1
4978,1
4979,1
4980,1
4981,1
4982,1
4983,1
4984,1
4985,1
4986,1
4987,1
4988,1
4989,1
4990,1
4991,1
4992,1
4993,1
4994,1
4995,1
4996,1
4997,1
4998,1
4999,1
5000,1
5001,1
5002,1
5003,1
5004,1
5005,1
5006,1
5007,1
5008,1
5009,1
5010,1
5011,1
5012,1
5013,1
5014,1
5015,1
5016,1
5017,1
5018,1
5019,1
5020,1
5021,1
5022,1
5023,1
5024,1
5025,1
5026,1
5027,1
5028,1
5029,1
5030,1
5031,1
5032,1
5033,1
5034,1
5035,1
5036,1
5037,1
5038,1
5039,1
5040,1
5041,1
5042,1
5043,1
5044,1
5045,1
5046,1
5047,1
5048,1
5049,1
5050,1
5051,1
5052,1
5053,1
5054,1
5055,1
5056,1
5057,1
5058,1
5059,1
5060,1
5061,1
5062,1
5063,1
5064,1
5065,1
5066,1
5067,1
5068,1
5069,1
5070,5
5071,5
5072,5
5073,5
5074,5
5075,3
5076,3
5077,3
5078,3
5079,3
5080,3
5081,3
5082,3
5083,3
5084,3
5085,3
5086,3
5087,3
5088,3
5089,3
5090,3
5091,3
5092,3
5093,1
5094,1
5095,1
5096,1
5097,1
5098,1
5099,1
5100,1
5101,1
5102,1
5103,1
5104,1
5105,1
5106,1
5107,3
5108,3
5109,5
5110,5
5111,5
5112,5
5113,1
5114,1
5115,1
5116,1
5117,1
5118,1
5119,1
5120,1
5121,1
5122,1
5123,1
5124,1
5125,1
5126,3
5127,3
5128,3
5129,3
5130,3
5131,3
5132,3
5133,3
5134,3
5135,3
5136,3
5137,3
5138,1
5139,1
5140,1
5141,1
5142,1
5143,3
5144,3
5145,1
5146,1
5147,1
5148,1
5149,1
5150,3
5151,3
5152,3
5153,3
5154,3
5155,3
5156,1
5157,1
5158,1
5159,1
5160,1
5161,1
5162,1
5163,1
5164,1
5165,1
5166,1
5167,1
5168,1
5169,1
5170,1
5171,1
5172,1
5173,1
5174,1
5175,1
5176,1
5177,1
5178,1
5179,1
5180,1
5181,1
5182,1
5183,1
5184,1
5185,1
5186,1
5187,1
5188,1
5189,1
5190,1
5191,1
5192,1
5193,1
5194,1
5195,1
5196,1
5197,1
5198,1
5199,1
5200,1
5201,1
5202,1
5203,1
5204,1
5205,1
5206,1
5207,1
5208,5
5209,5
5210,5
5211,5
5212,5
5213,5
5214,1
5215,1
5216,1
5217,1
5218,1
5219,1
5220,1
5221,1
5222,1
5223,1
5224,1
5225,1
5226,1
5227,1
5228,1
5229,1
5230,1
5231,1
5232,1
5233,1
5234,1
5235,1
5236,3
5237,3
5238,3
5239,3
5240,3
5241,3
5242,3
5243,3
5244,3
5245,3
5246,3
5247,3
5248,3
5249,1
5250,1
5251,1
5252,1
5253,1
5254,1
5255,1
5256,1
5257,1
5258,3
5259,1
5260,1
5261,1
5262,1
5263,1
5264,3
5265,3
5266,3
5267,5
5268,3
5269,3
5270,1
5271,5
